Group,Scientific name,Common name,IUCN Red List (2023) Category,IUCN Red List (2024) Category,Reason for change,Red List version
MAMMALS,Arvicola sapidus,Southern Water Vole,VU,NT,N,2024-2
MAMMALS,Bos javanicus,Banteng,EN,CR,G,2024-2
MAMMALS,Bunomys karokophilus,Karoko Hill Rat,DD,VU,N,2024-2
MAMMALS,Bunomys prolatus,Tambusisi Hill Rat,EN,VU,N,2024-2
MAMMALS,Bunomys torajae,Tana Toraja Hill Rat,DD,NT,N,2024-2
MAMMALS,Cacajao calvus,White Bald-headed Uakari,VU,LC,N,2024-1
MAMMALS,Coendou speratus,Dwarf Porcupine,EN,VU,N,2024-2
MAMMALS,Crateromys australis,Dinagat Bushy-tailed Cloud Rat,DD,EN,N,2024-2
MAMMALS,Crocidura grandiceps,Large-headed Forest Shrew,NT,LC,N,2024-1
MAMMALS,Crocidura phuquocensis,Phu Quoc White-toothed Shrew,DD,VU,N,2024-2
MAMMALS,Crocidura sokolovi,Sokolov White-toothed Shrew,DD,NT,N,2024-2
MAMMALS,Crocidura stenocephala,Kahuzi Swamp Shrew,EN,VU,N,2024-1
MAMMALS,Crunomys celebensis,Sulawesi Shrew Mouse,DD,NT,N,2024-2
MAMMALS,Cryptotis oreoryctes,Highland Broad-clawed Shrew,DD,EN,N,2024-2
MAMMALS,Ctenomys ibicuiensis,Ibicui Tuco-tuco,DD,NT,N,2024-2
MAMMALS,Dendromus lachaisei,Lachaise's African Climbing Mous,DD,VU,N,2024-2
MAMMALS,Echiothrix centrosa,Central Sulawesi Spiny Rat,NT,VU,G,2024-2
MAMMALS,Echiothrix leucura,Northern Sulawesi Spiny Rat,EN,VU,N,2024-2
MAMMALS,Eliomys quercinus,Garden Dormouse,NT,VU,N,2024-2
MAMMALS,Erinaceus europaeus,Western European Hedgehog,LC,NT,G,2024-2
MAMMALS,Eropeplus canus,Sulawesi Soft-furred Rat,VU,LC,N,2024-2
MAMMALS,Euroscaptor subanura,Vietnamese Mole,DD,LC,N,2024-2
MAMMALS,Geocapromys ingrahami,Bahamian Hutia,VU,CR,G,2024-2
MAMMALS,Hyosciurus ileile,Lowland Long-nosed Squirrel,VU,LC,N,2024-2
MAMMALS,Leopoldamys diwangkarai,Diwangkara's Long-tailed Giant Rat,DD,LC,N,2024-2
MAMMALS,Lynx pardinus,Iberian Lynx,EN,VU,G,2024-1
MAMMALS,Margaretamys beccarii,Beccari's Margareta Rat,DD,LC,N,2024-2
MAMMALS,Margaretamys christinae,Christina's Margareta Rat,EN,VU,N,2024-2
MAMMALS,Margaretamys elegans,Elegant Margareta Rat,NT,VU,N,2024-2
MAMMALS,Maxomys dollmani,Dollman's Sulawesi Spiny Rat,DD,LC,N,2024-2
MAMMALS,Maxomys wattsi,Watts's Sulawesi Spiny Rat,EN,VU,N,2024-2
MAMMALS,Melasmothrix naso,Diurnal Sulawesian Shrew Rat,DD,NT,N,2024-2
MAMMALS,Melomys fulgens,Seram Long-tailed Mosaic-tailed Rat,DD,VU,N,2024-2
MAMMALS,Mesocricetus newtoni,Romanian Hamster,NT,VU,N,2024-2
MAMMALS,Myosorex jejei,Kahuzi Mouse Shrew,VU,NT,N,2024-2
MAMMALS,Nannospalax leucodon,Lesser Blind Mole Rat,DD,LC,N,2024-2
MAMMALS,Neodon linzhiensis,Linzhi Mountain Vole,DD,LC,N,2024-2
MAMMALS,Paucidentomys vermidax,Edented Sulawesi Rat,DD,NT,N,2024-2
MAMMALS,Petaurista mechukaensis,Mechuka Giant Flying Squirrel,DD,NT,N,2024-2
MAMMALS,Phyllotis alisosiensis,Andean Alder Leaf-eared Mouse,DD,EN,N,2024-2
MAMMALS,Plagiodontia aedium,Cuvier's Hutia,EN,LC,N,2024-1
MAMMALS,Prosciurillus abstrusus,Secretive Dwarf Squirrel,DD,NT,N,2024-2
MAMMALS,Prosciurillus rosenbergii,Sanghir Squirrel,LC,EN,N,2024-2
MAMMALS,Prosciurillus weberi,Weber's Dwarf Squirrel,EN,VU,N,2024-2
MAMMALS,Pseudohydromys sandrae,White-bellied Moss Mouse,DD,LC,N,2024-2
MAMMALS,Pseudomys gouldii,Djoongari,EX,VU,N,2024-1
MAMMALS,Pseudomys shortridgei,Heath Mouse,NT,EN,G,2024-2
MAMMALS,Pteropus medius,Indian Flying Fox,LC,NT,G,2024-2
MAMMALS,Rattus bontanus,Southwestern Xanthurus Rat,DD,LC,N,2024-2
MAMMALS,Rattus detentus,Manus Island Spiny Rat,DD,CR,G,2024-2
MAMMALS,Rattus mollicomulus,Lompobatang Sulawesi Rat,LC,EN,N,2024-2
MAMMALS,Rattus salocco,Southeastern Xanthurus Rat,DD,VU,N,2024-2
MAMMALS,Rattus vandeuseni,Van Deusen's Rat,EN,NT,N,2024-1
MAMMALS,Rattus xanthurus,Northeastern Xanthurus Rat,NT,LC,N,2024-2
MAMMALS,Reithrodontomys musseri,Small Harvest Mouse,DD,NT,N,2024-2
MAMMALS,Sicista loriger,Nordmann’s Birch Mouse,VU,CR,N,2024-2
MAMMALS,Sicista severtzovi,Severtzov's Birch Mouse,LC,CR,N,2024-2
MAMMALS,Sommeromys macrorhinos,Sommer’s Sulawesi Rat,DD,NT,N,2024-2
MAMMALS,Spalax zemni,Podolian Mole Rat,VU,EN,G,2024-2
MAMMALS,Spermophilus major,Russet Ground Squirrel,LC,NT,G,2024-2
MAMMALS,Spermophilus musicus,Caucasian Mountain Ground Squirrel,NT,LC,N,2024-1
MAMMALS,Spermophilus suslicus,Speckled Ground Squirrel,NT,CR,G,2024-2
MAMMALS,Suncus hututsi,Hutu-Tutsi Dwarf Shrew,DD,LC,N,2024-2
MAMMALS,Suncus montanus,Sri Lanka Highland Shrew,VU,LC,N,2024-1
MAMMALS,Sylvisorex akaibei,Akaibe's Forest Shrew,DD,LC,N,2024-2
MAMMALS,Taeromys arcuatus,Salokko Rat,LC,VU,N,2024-2
MAMMALS,Taeromys callitrichus,Lovely-haired Rat,DD,LC,N,2024-2
MAMMALS,Taeromys hamatus,Sulawesi Montane Rat,DD,NT,N,2024-2
MAMMALS,Taeromys microbullatus,Small-eared Rat,DD,VU,N,2024-2
MAMMALS,Taeromys punicans,Sulawesi Forest Rat,DD,VU,N,2024-2
MAMMALS,Taeromys taerae,Tondano Rat,VU,LC,N,2024-2
MAMMALS,Tateomys macrocercus,Long-tailed Sulawesian Shrew Rat,DD,NT,N,2024-2
MAMMALS,Tateomys rhinogradoides,Tate’s Sulawesian Shrew Rat,DD,LC,N,2024-2
MAMMALS,Thomasomys andersoni,Anderson's Oldfield Mouse,DD,VU,N,2024-2
MAMMALS,Thomasomys vestitus,Dressy Oldfield Mouse,LC,NT,N,2024-1
BIRDS,Acrocephalus hiwae,Saipan Reed-warbler,CR,EN,N,2024-2
BIRDS,Acrocephalus kerearako,Cook Islands Reed-warbler,NT,LC,N,2024-2
BIRDS,Actenoides hombroni,Blue-capped Kingfisher,VU,LC,N,2024-2
BIRDS,Ampelornis griseiceps,Grey-headed Antbird,VU,NT,N,2024-2
BIRDS,Anas albogularis,Andaman Teal,VU,NT,N,2024-2
BIRDS,Anhinga melanogaster,Oriental Darter,NT,LC,G,2024-2
BIRDS,Apalopteron familiare,Bonin White-eye,NT,LC,N,2024-2
BIRDS,Apus acuticauda,Dark-rumped Swift,VU,NT,N,2024-2
BIRDS,Arborophila rufipectus,Sichuan Partridge,EN,VU,N,2024-2
BIRDS,Arenaria interpres,Ruddy Turnstone,LC,NT,N,2024-2
BIRDS,Arremon nigriceps,Maranon Sparrow,LC,NT,N,2024-2
BIRDS,Asarcornis scutulata,White-winged Duck,EN,CR,G,2024-2
BIRDS,Attila torridus,Ochraceous Attila,VU,NT,N,2024-2
BIRDS,Burhinus superciliaris,Peruvian Thick-knee,LC,VU,N,2024-2
BIRDS,Cacatua moluccensis,Salmon-crested Cockatoo,VU,EN,N,2024-2
BIRDS,Calidris alpina,Dunlin,LC,NT,G,2024-2
BIRDS,Calidris falcinellus,Broad-billed Sandpiper,LC,VU,G,2024-2
BIRDS,Calidris ferruginea,Curlew Sandpiper,NT,VU,G,2024-2
BIRDS,Calidris fuscicollis,White-rumped Sandpiper,LC,VU,G,2024-2
BIRDS,Calidris himantopus,Stilt Sandpiper,LC,NT,N,2024-2
BIRDS,Calidris minutilla,Least Sandpiper,LC,NT,G,2024-2
BIRDS,Calidris subruficollis,Buff-breasted Sandpiper,NT,VU,G,2024-2
BIRDS,Caprimulgus prigoginei,Prigogine's Nightjar,EN,DD,N,2024-2
BIRDS,Carpococcyx renauldi,Coral-billed Ground-cuckoo,VU,EN,N,2024-2
BIRDS,Celeus torquatus,Ringed Woodpecker,NT,LC,N,2024-2
BIRDS,Cercomacra carbonaria,Rio Branco Antbird,CR,VU,N,2024-2
BIRDS,Ceyx melanurus,North Philippine Dwarf-kingfisher,VU,LC,N,2024-2
BIRDS,Ceyx mindanensis,South Philippine Dwarf-Kingfisher,VU,LC,N,2024-2
BIRDS,Charadrius vociferus,Killdeer,LC,NT,G,2024-2
BIRDS,Charmosyna toxopei,Blue-fronted Lorikeet,CR,DD,N,2024-2
BIRDS,Chrysocolaptes strictus,Javan Flameback,VU,NT,N,2024-2
BIRDS,Chrysocorythus mindanensis,Mindanao Serin,NT,LC,N,2024-2
BIRDS,Columba oliviae,Somali Pigeon,DD,LC,N,2024-2
BIRDS,Conopias cinchoneti,Lemon-browed Flycatcher,VU,LC,N,2024-2
BIRDS,Corvus florensis,Flores Crow,EN,NT,N,2024-2
BIRDS,Corvus validus,Long-billed Crow,NT,LC,N,2024-2
BIRDS,Coturnicops exquisitus,Swinhoe's Rail,VU,LC,N,2024-2
BIRDS,Crossoptilon crossoptilon,White Eared-pheasant,NT,LC,N,2024-2
BIRDS,Crossoptilon harmani,Tibetan Eared-pheasant,NT,LC,N,2024-2
BIRDS,Crossoptilon mantchuricum,Brown Eared-pheasant,VU,LC,G,2024-2
BIRDS,Culicivora caudacuta,Sharp-tailed Tyrant,VU,LC,N,2024-2
BIRDS,Dacnis hartlaubi,Turquoise Dacnis,VU,NT,N,2024-2
BIRDS,Deconychura pallida,Southern Long-tailed Woodcreeper,NT,LC,N,2024-2
BIRDS,Dendrocolaptes hoffmannsi,Hoffmanns's Woodcreeper,VU,LC,N,2024-2
BIRDS,Dendrocolaptes punctipectus,Eastern Barred Woodcreeper,VU,NT,N,2024-2
BIRDS,Dendrocopos noguchii,Okinawa Woodpecker,CR,EN,G,2024-2
BIRDS,Dendroplex kienerii,Zimmer's Woodcreeper,NT,LC,N,2024-2
BIRDS,Dicaeum retrocinctum,Scarlet-collared Flowerpecker,VU,NT,N,2024-2
BIRDS,Drepanoptila holosericea,Cloven-feathered Dove,NT,LC,N,2024-2
BIRDS,Dubusia carrikeri,Carriker's Mountain-tanager,EN,NT,N,2024-2
BIRDS,Ducula mindorensis,Mindoro Imperial-pigeon,EN,NT,N,2024-2
BIRDS,Emberiza koslowi,Tibetan Bunting,NT,LC,N,2024-2
BIRDS,Erythrotriorchis buergersi,Chestnut-shouldered Goshawk,DD,NT,N,2024-2
BIRDS,Erythrura cyaneovirens,Red-headed Parrotfinch,NT,LC,N,2024-2
BIRDS,Euphonia chalybea,Green-throated Euphonia,NT,LC,N,2024-2
BIRDS,Eurylaimus javanicus,Javan Broadbill,NT,LC,N,2024-2
BIRDS,Euscarthmus rufomarginatus,Rufous-sided Pygmy-tyrant,NT,LC,N,2024-2
BIRDS,Ficedula disposita,Furtive Flycatcher,NT,LC,N,2024-2
BIRDS,Ficedula timorensis,Black-banded Flycatcher,NT,LC,N,2024-2
BIRDS,Garrulax annamensis,Orange-breasted Laughingthrush,LC,EN,G,2024-2
BIRDS,Garrulax rufifrons,Rufous-fronted Laughingthrush,CR,EN,N,2024-2
BIRDS,Geronticus calvus,Southern Bald Ibis,VU,NT,N,2024-2
BIRDS,Heleia muelleri,Spot-breasted White-eye,NT,LC,N,2024-2
BIRDS,Hemignathus affinis,Maui Nukupuu,CR,EX,G,2024-2
BIRDS,Hemignathus hanapepe,Kauai Nukupuu,CR,EX,N,2024-2
BIRDS,Hemitriccus orbitatus,Eye-ringed Tody-tyrant,NT,LC,N,2024-2
BIRDS,Hirundo atrocaerulea,Blue Swallow,VU,EN,N,2024-2
BIRDS,Ianthocincla konkakinhensis,Chestnut-eared Laughingthrush,VU,NT,N,2024-2
BIRDS,Indicator xanthonotus,Yellow-rumped Honeyguide,NT,LC,N,2024-2
BIRDS,Laniellus langbianis,Grey-crowned Crocias,EN,NT,N,2024-2
BIRDS,Lathrotriccus griseipectus,Grey-breasted Flycatcher,VU,LC,G,2024-2
BIRDS,Leptasthenura setaria,Araucaria Tit-spinetail,NT,LC,N,2024-2
BIRDS,Leptasthenura xenothorax,White-browed Tit-spinetail,EN,NT,N,2024-2
BIRDS,Limnodromus griseus,Short-billed Dowitcher,LC,VU,G,2024-2
BIRDS,Limnodromus scolopaceus,Long-billed Dowitcher,LC,NT,G,2024-2
BIRDS,Limosa fedoa,Marbled Godwit,LC,VU,G,2024-2
BIRDS,Limosa haemastica,Hudsonian Godwit,LC,VU,G,2024-2
BIRDS,Lophotibis cristata,Madagascar Crested Ibis,NT,VU,G,2024-2
BIRDS,Lophura edwardsi,Vietnam Pheasant,CR,CR(PEW),G,2024-2
BIRDS,Loxops ochraceus,Maui Akepa,CR,EX,G,2024-2
BIRDS,Malacocincla perspicillata,Black-browed Babbler,DD,NT,N,2024-2
BIRDS,Mareca falcata,Falcated Duck,NT,LC,N,2024-2
BIRDS,Margarornis stellatus,Fulvous-dotted Treerunner,NT,LC,N,2024-2
BIRDS,Megapodius layardi,Vanuatu Scrubfowl,VU,LC,N,2024-2
BIRDS,Micrastur mintoni,Cryptic Forest-falcon,LC,NT,N,2024-2
BIRDS,Microspingus alticola,Plain-tailed Warbling-finch,EN,NT,N,2024-2
BIRDS,Mixornis prillwitzi,Kangean Tit-babbler,VU,LC,N,2024-2
BIRDS,Montecincla cachinnans,Nilgiri Chilappan,EN,NT,N,2024-2
BIRDS,Myiagra albiventris,Samoan Flycatcher,NT,LC,N,2024-2
BIRDS,Myophonus castaneus,Sumatran Whistling-thrush,NT,LC,N,2024-2
BIRDS,Neomorphus radiolosus,Banded Ground-cuckoo,EN,VU,N,2024-2
BIRDS,Nisaetus floris,Flores Hawk-eagle,CR,EN,N,2024-2
BIRDS,Nycticryphes semicollaris,South American Painted-snipe,LC,NT,N,2024-2
BIRDS,Onychorhynchus occidentalis,Pacific Royal Flycatcher,VU,NT,G,2024-2
BIRDS,Orthotomus samarensis,Yellow-breasted Tailorbird,NT,LC,N,2024-2
BIRDS,Ortygornis gularis,Swamp Francolin,VU,NT,G,2024-2
BIRDS,Pampusana stairi,Shy Ground Dove,VU,LC,N,2024-2
BIRDS,Perdicula manipurensis,Manipur Bush-quail,EN,CR,N,2024-2
BIRDS,Phylloscartes flaviventris,Rufous-lored Tyrannulet,LC,NT,N,2024-2
BIRDS,Picumnus spilogaster,White-bellied Piculet,VU,LC,N,2024-2
BIRDS,Pluvialis squatarola,Grey Plover,LC,VU,G,2024-2
BIRDS,Poecilotriccus luluae,Lulu's Tody-flycatcher,EN,LC,N,2024-2
BIRDS,Pogonotriccus lanyoni,Antioquia Bristle-tyrant,EN,VU,N,2024-2
BIRDS,Poospiza baeri,Tucuman Mountain-finch,VU,LC,N,2024-2
BIRDS,Poospiza rubecula,Rufous-breasted Warbling-finch,EN,NT,N,2024-2
BIRDS,Pseudastur occidentalis,Grey-backed Hawk,EN,VU,N,2024-2
BIRDS,Psittacula derbiana,Lord Derby's Parakeet,NT,LC,N,2024-2
BIRDS,Psittirostra psittacea,Ou,CR,EX,G,2024-2
BIRDS,Pterorhinus koslowi,Tibetan Babax,NT,LC,N,2024-2
BIRDS,Pterorhinus waddelli,Giant Babax,NT,LC,N,2024-2
BIRDS,Pycnonotus xantholaemus,Yellow-throated Bulbul,VU,LC,N,2024-2
BIRDS,Ramphiculus subgularis,Banggai Fruit-dove,VU,NT,N,2024-2
BIRDS,Riccordia bicolor,Blue-headed Hummingbird,LC,NT,G,2024-2
BIRDS,Robsonius rabori,Cordillera Ground-warbler,VU,NT,N,2024-2
BIRDS,Schoenicola platyurus,Broad-tailed Grassbird,VU,NT,N,2024-2
BIRDS,Schoeniparus variegaticeps,Golden-fronted Fulvetta,VU,LC,N,2024-2
BIRDS,Scleroptila elgonensis,Elgon Francolin,NT,LC,N,2024-2
BIRDS,Scleroptila streptophora,Ring-necked Francolin,NT,LC,N,2024-2
BIRDS,Sholicola albiventris,White-bellied Sholakili,VU,NT,N,2024-2
BIRDS,Sholicola major,Nilgiri Sholakili,EN,NT,N,2024-2
BIRDS,Spelaeornis caudatus,Rufous-throated Wren-babbler,NT,LC,N,2024-2
BIRDS,Spheniscus demersus,African Penguin,EN,CR,G,2024-2
BIRDS,Spizocorys obbiensis,Obbia Lark,DD,LC,N,2024-2
BIRDS,Sporophila iberaensis,Ibera Seedeater,EN,NT,N,2024-2
BIRDS,Streptopelia reichenowi,White-winged Collared-dove,NT,LC,N,2024-2
BIRDS,Synallaxis courseni,Apurimac Spinetail,VU,NT,N,2024-2
BIRDS,Synallaxis kollari,Hoary-throated Spinetail,CR,EN,N,2024-2
BIRDS,Syndactyla ruficollis,Rufous-necked Foliage-gleaner,VU,LC,N,2024-2
BIRDS,Syndactyla ucayalae,Peruvian Recurvebill,NT,LC,N,2024-2
BIRDS,Tangara cyanoptera,Azure-shouldered Tanager,NT,LC,N,2024-2
BIRDS,Threskiornis melanocephalus,Black-headed Ibis,NT,LC,N,2024-2
BIRDS,Tragopan satyra,Satyr Tragopan,NT,LC,N,2024-2
BIRDS,Tringa brevipes,Grey-tailed Tattler,NT,LC,N,2024-2
BIRDS,Tringa flavipes,Lesser Yellowlegs,LC,VU,G,2024-2
BIRDS,Tringa melanoleuca,Greater Yellowlegs,LC,NT,G,2024-2
BIRDS,Turnix everetti,Sumba Buttonquail,VU,LC,N,2024-2
BIRDS,Tyto nigrobrunnea,Taliabu Masked-owl,VU,NT,N,2024-2
BIRDS,Vauriella insignis,White-browed Jungle-flycatcher,VU,LC,N,2024-2
BIRDS,Veniliornis chocoensis,Choco Woodpecker,NT,LC,N,2024-2
BIRDS,Vireo gracilirostris,Noronha Vireo,NT,VU,N,2024-2
BIRDS,Xenopirostris polleni,Pollen's Vanga,NT,VU,G,2024-2
BIRDS,Zimmerius cinereicapilla,Red-billed Tyrannulet,VU,LC,N,2024-2
BIRDS,Zoothera major,Amami Thrush,NT,LC,N,2024-2
BIRDS,Zoothera turipavae,Guadalcanal Thrush,VU,NT,N,2024-2
BIRDS,Zosterops albogularis,White-chested White-eye,CR,EX,G,2024-2
REPTILES,Abronia anzuetoi,Anzuetoi Arboreal Alligator Lizard,VU,CR,G,2024-1
REPTILES,Acanthodactylus schreiberi,Schreiber's Fringe-fingered Lizard,EN,LC,N,2024-1
REPTILES,Achalinus jinggangensis,Zong's Odd-scaled Snake,CR,LC,N,2024-1
REPTILES,Algyroides moreoticus,,NT,LC,N,2024-1
REPTILES,Anguis cephallonica,Peloponnese Slow Worm,NT,LC,N,2024-1
REPTILES,Bungarus multicinctus,Many-banded Krait,LC,VU,N,2024-1
REPTILES,Calamaria yunnanensis,Yunnan Reed Snake,EN,DD,N,2024-1
REPTILES,Chalcides bedriagai,,NT,LC,N,2024-1
REPTILES,Chalcides sexlineatus,Gran Canaria Skink,LC,EN,G,2024-1
REPTILES,Chalcides simonyi,Lisneja,EN,DD,N,2024-1
REPTILES,Dinarolacerta montenegrina,Prokletije Rock Lizard,LC,NT,G,2024-1
REPTILES,Dinarolacerta mosorensis,Mosor Rock Lizard,VU,NT,N,2024-1
REPTILES,Elaphe bimaculata,Chinese Leopard Snake,LC,NT,N,2024-1
REPTILES,Elaphe davidi,Pere David's Rat Snake,DD,LC,N,2024-1
REPTILES,Elaphe quatuorlineata,Four-lined Snake,NT,LC,N,2024-1
REPTILES,Gallotia bravoana,La Gomera Giant Lizard,CR,EN,G,2024-1
REPTILES,Gallotia intermedia,Tenerife Speckled Lizard,CR,EN,N,2024-1
REPTILES,Gallotia simonyi,El Hierro Giant Lizard,CR,VU,N,2024-1
REPTILES,Gallotia stehlini,Gran Canaria Giant Lizard,LC,CR,G,2024-1
REPTILES,Hebius metusia,Wa Shan Keelback,EN,LC,N,2024-1
REPTILES,Hellenolacerta graeca,Greek Rock Lizard,NT,LC,N,2024-1
REPTILES,Hierophis cypriensis,Cyprus Whip Snake,EN,NT,N,2024-1
REPTILES,Iberolacerta aranica,,EN,NT,N,2024-1
REPTILES,Iberolacerta cyreni,,EN,LC,N,2024-1
REPTILES,Iberolacerta horvathi,Horvath's Rock Lizard,NT,LC,N,2024-1
REPTILES,Iberolacerta martinezricai,Peña de Francia Rock Lizard,CR,EN,N,2024-1
REPTILES,Iberolacerta monticola,West Iberian Rock Lizard,VU,LC,N,2024-1
REPTILES,Lacerta schreiberi,,NT,LC,N,2024-1
REPTILES,Lycodon gongshan,Gongshan Wolf Snake,DD,LC,N,2024-1
REPTILES,Lycodon multizonatus,Luding Wolf Snake,DD,LC,N,2024-1
REPTILES,Lycodon synaptor,Boehme’s Wolf Snake,DD,LC,N,2024-1
REPTILES,Myrrophis bennettii,Bennett's Mud Snake,DD,LC,N,2024-1
REPTILES,Opisthotropis maxwelli,Maxwell's Mountain Keelback,DD,LC,N,2024-1
REPTILES,Pareas nigriceps,Xiaoheishan Slug-eating Snake,DD,LC,N,2024-1
REPTILES,Podarcis carbonelli,Carbonelli's Wall Lizard,EN,VU,N,2024-1
REPTILES,Podarcis cretensis,Κλωστιδάκι,EN,LC,N,2024-1
REPTILES,Podarcis gaigeae,Skyros Wall Lizard,VU,LC,N,2024-1
REPTILES,Podarcis lilfordi,Lilford's Wall Lizard,EN,NT,N,2024-1
REPTILES,Podarcis milensis,Milos Wall Lizard,VU,LC,N,2024-1
REPTILES,Podarcis pityusensis,Ibiza Wall Lizard,NT,EN,G,2024-1
REPTILES,Podarcis raffonei,Aeolian Wall Lizard,CR,EN,N,2024-1
REPTILES,Sphaerodactylus samanensis,Haitises Banded Geckolet,CR,NT,N,2024-1
REPTILES,Stichophanes ningshaanensis,Ningshaan Kukri Snake,DD,NT,N,2024-1
REPTILES,Testudo hermanni,Hermann's Tortoise,NT,VU,G,2024-1
REPTILES,Thermophis baileyi,Xizang Hot-spring Keel-back,NT,EN,N,2024-1
REPTILES,Timon lepidus,Ocellated Lizard,NT,LC,N,2024-1
REPTILES,Vipera aspis,Asp Viper,LC,VU,G,2024-1
REPTILES,Vipera monticola,North African Atlas Dwarf Viper,NT,VU,N,2024-2
REPTILES,Vipera seoanei,Seoane's Viper,LC,NT,G,2024-1
REPTILES,Zamenis lineatus,Italian Aesculapian Snake,DD,LC,N,2024-1
AMPHIBIANS,Amolops aniqiaoensis,Aniqiao Torrent Frog,VU,NT,N,2024-1
AMPHIBIANS,Ansonia fuliginea,Montane Slender Toad,LC,NT,N,2024-1
AMPHIBIANS,Ansonia platysoma,Luidan Stream Toad,LC,NT,N,2024-1
AMPHIBIANS,Ansonia tiomanica,Pulo Tioman Stream Toad,LC,NT,N,2024-1
AMPHIBIANS,Ansonia torrentis,Gunung Mulu Stream Toad,LC,NT,N,2024-1
AMPHIBIANS,Atelopus epikeisthos,,EN,CR,N,2024-1
AMPHIBIANS,Atelopus lozanoi,,EN,CR,N,2024-1
AMPHIBIANS,Atelopus marinkellei,,EN,CR,N,2024-1
AMPHIBIANS,Atelopus nepiozomus,Gualecenita Stubfoot Toad,EN,CR,N,2024-1
AMPHIBIANS,Bolitoglossa diminuta,Quebrada Valverde Salamander,LC,NT,N,2024-1
AMPHIBIANS,Boophis elenae,,NT,EN,N,2024-1
AMPHIBIANS,Bufo ailaoanus,Ailao Toad,EN,NT,N,2024-1
AMPHIBIANS,Euproctus platycephalus,Sardinian Brook Salamander,VU,EN,N,2024-2
AMPHIBIANS,Kalophrynus baluensis,Malaysian Grainy Frog,LC,NT,N,2024-1
AMPHIBIANS,Kalophrynus nubicola,Blue-spotted Sticky Frog,LC,NT,N,2024-1
AMPHIBIANS,Leptobrachella arayai,Kinabalu Slender Litter Frog,LC,NT,N,2024-1
AMPHIBIANS,Leptobrachella brevicrus,Dring's Borneo Frog,LC,NT,N,2024-1
AMPHIBIANS,Leptobrachella itiokai,Itioka's Dwarf Litter Frog,LC,NT,N,2024-1
AMPHIBIANS,Leptobrachella maura,Montane Slender Litter Frog,LC,NT,N,2024-1
AMPHIBIANS,Leptobrachium gunungense,,LC,NT,N,2024-1
AMPHIBIANS,Leptomantis gadingensis,Gunung Gading Tree Frog,LC,NT,N,2024-1
AMPHIBIANS,Leptomantis malkmusi,Malkmus’ Tree Frog,LC,EN,N,2024-1
AMPHIBIANS,Liurana alpina,Alpine Papilla-tongued Frog,VU,NT,N,2024-1
AMPHIBIANS,Meristogenys stenocephalus,Narrow-headed Torrent Frog,LC,NT,N,2024-1
AMPHIBIANS,Meristogenys stigmachilus,,LC,NT,N,2024-1
AMPHIBIANS,Oreophrynella quelchii,Roraima Bush Toad,VU,EN,N,2024-1
AMPHIBIANS,Pelophryne api,,LC,NT,N,2024-1
AMPHIBIANS,Pelophylax cerigensis,Karpathos Frog,CR,EN,N,2024-2
AMPHIBIANS,Pelophylax cretensis,Cretan Frog,VU,EN,N,2024-2
AMPHIBIANS,Pristimantis dendrobatoides,,LC,DD,N,2024-1
AMPHIBIANS,Sabahphrynus maculatus,Spotted Asian Tree Toad,LC,EN,N,2024-1
AMPHIBIANS,Tepuihyla luteolabris,Marahuaca Treefrog,VU,NT,N,2024-1
LAMPREYS,Caspiomyzon hellenicus,Greek Brook Lamprey,CR,EN,N,2024-2
LAMPREYS,Caspiomyzon wagneri,Caspian Lamprey,NT,LC,G,2024-2
LAMPREYS,Eudontomyzon stankokaramani,,LC,NT,G,2024-2
LAMPREYS,Lampetra fluviatilis,European River Lamprey,LC,NT,N,2024-2
LAMPREYS,Lampetra planeri,European Brook Lamprey,LC,NT,N,2024-2
LAMPREYS,Lampetra zanandreai,Adriatic Brook Lamprey,LC,NT,N,2024-2
SHARKS & RAYS,Aetobatus ocellatus,Spotted Eagle Ray,VU,EN,N,2024-1
SHARKS & RAYS,Aetomylaeus vespertilio,Ornate Eagle Ray,EN,CR,N,2024-1
SHARKS & RAYS,Bathyraja abyssicola,Deepsea Skate,DD,LC,N,2024-1
SHARKS & RAYS,Dipturus nidarosiensis,Norwegian Skate,NT,EN,N,2024-1
SHARKS & RAYS,Dipturus oxyrinchus,Longnosed Skate,NT,VU,N,2024-2
SHARKS & RAYS,Hemipristis elongata,Snaggletooth Shark,VU,EN,N,2024-1
SHARKS & RAYS,Himantura leoparda,Leopard Whipray,VU,EN,N,2024-1
SHARKS & RAYS,Hypogaleus hyugaensis,Pencil Shark,LC,DD,N,2024-1
SHARKS & RAYS,Maculabatis astra,Blackspotted Whipray,LC,NT,N,2024-2
SHARKS & RAYS,Odontaspis ferox,Smalltooth Sandtiger,VU,EN,N,2024-1
SHARKS & RAYS,Pateobatis jenkinsii,Jenkins' Whipray,VU,EN,N,2024-1
SHARKS & RAYS,Potamotrygon magdalenae,Magdalena Freshwater Stingray,LC,NT,N,2024-1
SHARKS & RAYS,Raja asterias,Starry Skate,NT,LC,N,2024-2
SHARKS & RAYS,Raja undulata,Undulate Skate,EN,NT,N,2024-2
SHARKS & RAYS,Rhinochimaera africana,Paddlenose Spookfish,DD,LC,N,2024-2
SHARKS & RAYS,Urogymnus asperrimus,Porcupine Ray,VU,EN,N,2024-1
SHARKS & RAYS,Urogymnus granulatus,Mangrove Whipray,VU,EN,N,2024-1
BONY FISHES,Achondrostoma arcasii,Bermejuela,VU,NT,N,2024-2
BONY FISHES,Achondrostoma occidentale,Western Ruivaco,EN,CR,G,2024-2
BONY FISHES,Aioliops brachypterus,Shortfin Minidartfish,VU,DD,N,2024-1
BONY FISHES,Alburnoides maculatus,Crimean Spirlin,VU,EN,N,2024-2
BONY FISHES,Alburnoides ohridanus,Ohrid Spirlin,VU,NT,N,2024-2
BONY FISHES,Alburnoides prespensis,Prespa Spirlin,VU,EN,N,2024-2
BONY FISHES,Alburnus albidus,Southern Italian Bleak,VU,EN,G,2024-2
BONY FISHES,Alburnus arborella,Italian Bleak,LC,NT,N,2024-2
BONY FISHES,Alburnus belvica,Prespa Bleak,VU,EN,G,2024-2
BONY FISHES,Alburnus leobergi,Azov Shemaya,LC,VU,G,2024-2
BONY FISHES,Alburnus macedonicus,Doiran Bleak,CR,EN,N,2024-2
BONY FISHES,Alburnus mandrensis,,CR,EN,N,2024-2
BONY FISHES,Alburnus neretvae,Neretva Bleak,LC,NT,N,2024-2
BONY FISHES,Alburnus schischkovi,Rezovo Shemaya,EN,NT,N,2024-2
BONY FISHES,Alburnus scoranza,Skadar Bleak,LC,NT,G,2024-2
BONY FISHES,Alburnus vistonicus,Vistonida Shemaya,CR,EN,N,2024-2
BONY FISHES,Alosa alosa,Allis Shad,LC,CR,G,2024-2
BONY FISHES,Alosa immaculata,Pontic Shad,VU,LC,N,2024-2
BONY FISHES,Alosa killarnensis,Killarney Shad,CR,VU,N,2024-2
BONY FISHES,Alosa macedonica,Macedonian Shad,VU,CR,N,2024-2
BONY FISHES,Alosa vistonica,Thracian Shad,CR,EX,G,2024-2
BONY FISHES,Alosa volgensis,Volga Shad,EN,EX,N,2024-1
BONY FISHES,Amblyeleotris callopareia,Beautiful-cheek Shrimpgoby,DD,LC,N,2024-1
BONY FISHES,Anaecypris hispanica,Iberian Minnowcarp,EN,NT,N,2024-2
BONY FISHES,Aphanius almiriensis,Almiri Killifish,CR,LC,N,2024-1
BONY FISHES,Apricaphanius baeticus,Baetican Killifish,EN,NT,N,2024-2
BONY FISHES,Apricaphanius iberus,Spanish Killifish,EN,NT,N,2024-2
BONY FISHES,Barbatula quignardi,Lez Stone Loach,LC,CR,N,2024-2
BONY FISHES,Barbatula sturanyi,Ohrid Stone Loach,LC,NT,N,2024-2
BONY FISHES,Barbatula zetensis,Zeta Stone Loach,LC,EN,G,2024-2
BONY FISHES,Barbus bergi,Bulgarian Barbel,LC,NT,N,2024-2
BONY FISHES,Barbus caninus,Brook Barbel,EN,NT,N,2024-2
BONY FISHES,Barbus euboicus,Evia Barbel,CR,EN,N,2024-2
BONY FISHES,Barbus haasi,Iberian Redfin Barbel,VU,LC,N,2024-2
BONY FISHES,Barbus macedonicus,Macedonian Barbel,DD,LC,N,2024-2
BONY FISHES,Barbus plebejus,Italian Barbel,LC,NT,G,2024-2
BONY FISHES,Barbus prespensis,Prespa Barbel,LC,NT,N,2024-2
BONY FISHES,Barbus rebeli,Western Balkan Barbel,LC,NT,N,2024-2
BONY FISHES,Barbus strumicae,Struma Barbel,LC,NT,N,2024-2
BONY FISHES,Barbus tauricus,Crimean Barbel,VU,LC,N,2024-2
BONY FISHES,Barbus tyberinus,Horse Barbel,NT,EN,N,2024-2
BONY FISHES,Benthophiloides brauneri,Brauner’s Tadpole-Goby,DD,LC,N,2024-2
BONY FISHES,Benthophilus mahmudbejovi,Small-Spine Tadpole-Goby,LC,DD,N,2024-2
BONY FISHES,Brachygalaxias bullocki,Puye,LC,EN,N,2024-2
BONY FISHES,Bullockia maldonadoi,Bagre de Maldonado,LC,EN,N,2024-2
BONY FISHES,Cheirodon galusdae,Pocha de los Lagos,DD,LC,N,2024-1
BONY FISHES,Chelon auratus,Golden Grey Mullet,LC,NT,G,2024-2
BONY FISHES,Chelon labrosus,Thicklip Grey Mullet,LC,NT,G,2024-2
BONY FISHES,Chelon ramada,Thinlip Grey Mullet,LC,NT,G,2024-2
BONY FISHES,Chelon saliens,Leaping Mullet,LC,NT,G,2024-2
BONY FISHES,Chondrostoma knerii,Dalmatian Nase,VU,EN,N,2024-2
BONY FISHES,Chondrostoma nasus,Common Nase,LC,NT,N,2024-2
BONY FISHES,Chondrostoma prespense,Prespa Nase,VU,EN,N,2024-2
BONY FISHES,Chondrostoma soetta,Italian Nase,EN,CR,G,2024-2
BONY FISHES,Chondrostoma vardarense,Vardar Nase,NT,LC,N,2024-2
BONY FISHES,Cobitis calderoni,North Iberian Spined Loach,EN,VU,N,2024-2
BONY FISHES,Cobitis dalmatina,Dalmatian Spined Loach,VU,EN,N,2024-2
BONY FISHES,Cobitis hellenica,Louros Spined Loach,EN,NT,N,2024-2
BONY FISHES,Cobitis illyrica,Illyrian Spined Loach,CR,EN,N,2024-2
BONY FISHES,Cobitis meridionalis,Prespa Spined Loach,VU,EN,G,2024-2
BONY FISHES,Cobitis narentana,Neretva Spined Loach,VU,NT,N,2024-2
BONY FISHES,Cobitis ohridana,Ohrid Spined Loach,LC,NT,N,2024-2
BONY FISHES,Cobitis paludica,Southern Iberian Spined Loach,VU,LC,N,2024-2
BONY FISHES,Cobitis pontica,Burgas Spined Loach,LC,NT,N,2024-2
BONY FISHES,Cobitis punctilineata,Angitis Spined Loach,VU,EN,G,2024-2
BONY FISHES,Cobitis stephanidisi,Velestino Spined Loach,CR,EN,N,2024-2
BONY FISHES,Cobitis taurica,Crimean Spined Loach,CR,EN,N,2024-2
BONY FISHES,Cobitis trichonica,Trichonida Spined Loach,EN,NT,N,2024-2
BONY FISHES,Cobitis vettonica,Vettonian Spined Loach,EN,VU,N,2024-2
BONY FISHES,Coregonus albellus,Bernese Whitefish,LC,VU,N,2024-2
BONY FISHES,Coregonus alpinus,Alpine Whitefish,LC,VU,N,2024-2
BONY FISHES,Coregonus arenicolus,Sandfelchen,VU,EN,G,2024-2
BONY FISHES,Coregonus atterensis,Atter Whitefish,VU,CR,N,2024-2
BONY FISHES,Coregonus baerii,Volkhov Whitefish,DD,LC,N,2024-2
BONY FISHES,Coregonus bavaricus,Ammer Whitefish,CR,CR(PE),G,2024-2
BONY FISHES,Coregonus candidus,Neuchâtel Whitefish,VU,EN,G,2024-2
BONY FISHES,Coregonus danneri,Traun Whitefish,VU,CR,G,2024-2
BONY FISHES,Coregonus fatioi,Fatio's Whitefish,LC,VU,N,2024-2
BONY FISHES,Coregonus fontanae,Stechlin Cisco,LC,CR,G,2024-2
BONY FISHES,Coregonus heglingus,Dwarf Limmat Whitefish,DD,VU,N,2024-2
BONY FISHES,Coregonus hoferi,Chiem Whitefish,CR,EX,N,2024-2
BONY FISHES,Coregonus hoyi,,VU,LC,N,2024-2
BONY FISHES,Coregonus lucinensis,Breiter Luzin Cisco,VU,CR,G,2024-2
BONY FISHES,Coregonus macrophthalmus,Gangfisch,LC,EN,G,2024-2
BONY FISHES,Coregonus maraena,Maraena Whitefish,VU,LC,N,2024-2
BONY FISHES,Coregonus nigripinnis,,EX,DD,N,2024-2
BONY FISHES,Coregonus nobilis,Noble Whitefish,LC,VU,N,2024-2
BONY FISHES,Coregonus palaea,Three Lakes Whitefish,LC,EN,G,2024-2
BONY FISHES,Coregonus pennantii,Gwyniad,CR,EN,N,2024-2
BONY FISHES,Coregonus pollan,Irish Whitefish,EN,VU,N,2024-2
BONY FISHES,Coregonus renke,Starnberg Whitefish,DD,EX,N,2024-2
BONY FISHES,Coregonus stigmaticus,Schelly,EN,VU,N,2024-2
BONY FISHES,Coregonus suidteri,Sempach Whitefish,LC,VU,N,2024-2
BONY FISHES,Coregonus trybomi,,CR,EX,N,2024-2
BONY FISHES,Coregonus wartmanni,Blaufelchen,LC,EN,G,2024-2
BONY FISHES,Coregonus widegreni,Widegren's Whitefish,DD,LC,N,2024-2
BONY FISHES,Coregonus zuerichensis,Zurich Whitefish,LC,VU,N,2024-2
BONY FISHES,Coregonus zugensis,Zug Whitefish,LC,EX,N,2024-2
BONY FISHES,Cottus aturi,Adour Sculpin,LC,NT,N,2024-2
BONY FISHES,Cottus duranii,Dordogne Sculpin,DD,LC,N,2024-2
BONY FISHES,Cottus haemusi,Vit Sculpin,DD,EN,N,2024-2
BONY FISHES,Cottus hispaniolensis,Pyrenean Sculpin,LC,NT,N,2024-2
BONY FISHES,Cottus metae,Sava Sculpin,LC,NT,N,2024-2
BONY FISHES,Cottus petiti,Lez Sculpin,VU,CR,G,2024-2
BONY FISHES,Cottus rondeleti,Hérault Sculpin,CR,NT,N,2024-2
BONY FISHES,Cottus transsilvaniae,Argeș Sculpin,DD,EN,N,2024-2
BONY FISHES,Cyprinus carpio,Eurasian Carp,VU,LC,N,2024-2
BONY FISHES,Delminichthys adspersus,Spotted Minnow,VU,EN,N,2024-2
BONY FISHES,Dicentrarchus labrax,European Sea Bass,LC,NT,G,2024-2
BONY FISHES,Economidichthys pygmaeus,Western Greece Goby,LC,NT,N,2024-2
BONY FISHES,Eonemachilus niger,,VU,EN,N,2024-1
BONY FISHES,Favonigobius melanobranchus,Blackthroat Goby,LR/nt,LC,N,2024-1
BONY FISHES,Gobio delyamurei,Chornaya Gudgeon,CR,EN,N,2024-2
BONY FISHES,Gobio kovatschevi,Thracian Gudgeon,VU,LC,N,2024-2
BONY FISHES,Gobio krymensis,Salgir Gudgeon,VU,NT,N,2024-2
BONY FISHES,Gobio ohridanus,Ohrid Gudgeon,VU,EN,N,2024-2
BONY FISHES,Gobio skadarensis,Skadar Gudgeon,EN,LC,N,2024-2
BONY FISHES,Gymnocephalus ambriaelacus,Ammer Ruffe,CR,LC,N,2024-2
BONY FISHES,Hippocampus bargibanti,Bargibant's Seahorse,DD,LC,N,2024-2
BONY FISHES,Hippocampus denise,Denise's Pygmy Seahorse,DD,LC,N,2024-2
BONY FISHES,Hucho hucho,Danube Salmon,EN,VU,N,2024-2
BONY FISHES,Iberochondrostoma almacai,Southwestern Arched-Mouth Nase,CR,EN,N,2024-2
BONY FISHES,Iberochondrostoma lemmingii,Iberian Arched-Mouth Nase,VU,NT,N,2024-2
BONY FISHES,Iberochondrostoma lusitanicum,Portugese Arched-Mouth Nase,CR,NT,N,2024-2
BONY FISHES,Iberochondrostoma olisiponense,Lisbon Arched-Mouth Nase,CR,EN,N,2024-2
BONY FISHES,Iberochondrostoma oretanum,Jándula Arched-Mouth Nase,CR,EN,N,2024-2
BONY FISHES,Knipowitschia goerneri,Corfu Dwarf Goby,DD,NT,N,2024-2
BONY FISHES,Knipowitschia montenegrina,Montenegro Dwarf Goby,DD,NT,N,2024-2
BONY FISHES,Knipowitschia radovici,,VU,EN,N,2024-2
BONY FISHES,Leuciscus bearnensis,Bearn Beaked Dace,LC,NT,G,2024-2
BONY FISHES,Leuciscus burdigalensis,Beaked Dace,LC,NT,G,2024-2
BONY FISHES,Leucos aula,North Italian Roach,LC,NT,N,2024-2
BONY FISHES,Liniparhomaloptera disparis,Cá Vây bằng na rì,DD,LC,N,2024-2
BONY FISHES,Luciobarbus albanicus,Albanian Barbel,LC,NT,N,2024-2
BONY FISHES,Luciobarbus bocagei,Iberian Barbel,LC,NT,G,2024-2
BONY FISHES,Luciobarbus brachycephalus,Aral Barbel,VU,EN,G,2024-2
BONY FISHES,Luciobarbus comizo,Iberian Long-Snout Barbel,VU,NT,N,2024-2
BONY FISHES,Luciobarbus graecus,Greek Barbel,EN,LC,N,2024-2
BONY FISHES,Luciobarbus graellsii,Ebro Barbel,LC,NT,G,2024-2
BONY FISHES,Luciobarbus guiraonis,Eastern Iberian Barbel,VU,NT,N,2024-2
BONY FISHES,Luciobarbus microcephalus,Iberian Small-Head Barbel,VU,NT,N,2024-2
BONY FISHES,Luciobarbus sclateri,Southern Iberian Barbel,LC,NT,G,2024-2
BONY FISHES,Luciobarbus steindachneri,Steindachner's Barbel,VU,NT,N,2024-2
BONY FISHES,Ninnigobius montenegrensis,Skadar Goby,LC,NT,N,2024-2
BONY FISHES,Notarius bonillai,Cazon Sea Catfish,EN,LC,N,2024-1
BONY FISHES,Oligolepis stomias,Plain Teardrop Goby,DD,LC,N,2024-1
BONY FISHES,Orestias chungarensis,Karachi,VU,CR,N,2024-1
BONY FISHES,Orestias cuvieri,Boga,DD,CR,N,2024-1
BONY FISHES,Orestias laucaensis,Corvinilla,LR/nt,EN,N,2024-1
BONY FISHES,Orestias parinacotensis,Karachi,DD,EN,N,2024-1
BONY FISHES,Orsinigobius punctatissimus,Italian Spring Goby,NT,LC,N,2024-2
BONY FISHES,Oxynoemacheilus pindus,Pindus Stone Loach,VU,NT,N,2024-2
BONY FISHES,Pachychilon macedonicum,Macedonian Roach,DD,LC,N,2024-2
BONY FISHES,Pachychilon pictum,Albanian Roach,LC,NT,N,2024-2
BONY FISHES,Padogobius nigricans,Arno Goby,VU,EN,G,2024-2
BONY FISHES,Parachondrostoma arrigonis,Júcar Nase,CR,VU,N,2024-2
BONY FISHES,Parachondrostoma miegii,Ebro Nase,LC,NT,N,2024-2
BONY FISHES,Parachondrostoma toxostoma,French Nase,VU,NT,N,2024-2
BONY FISHES,Parachondrostoma turiense,Turia Nase,EN,VU,N,2024-2
BONY FISHES,Pelasgus epiroticus,Epirus Minnow,CR,CR(PE),G,2024-2
BONY FISHES,Pelasgus laconicus,Evrotas Minnow,CR,EN,N,2024-2
BONY FISHES,Pelasgus minutus,Ohrid Minnow,DD,VU,N,2024-2
BONY FISHES,Pelasgus stymphalicus,,LC,NT,N,2024-2
BONY FISHES,Percarina demidoffii,Common Percarina,NT,LC,N,2024-2
BONY FISHES,Petroleuciscus smyrnaeus,Smyrna Chub,LC,VU,N,2024-2
BONY FISHES,Phoxinellus dalmaticus,Dalmatian Minnow,CR,EN,N,2024-2
BONY FISHES,Phoxinellus pseudalepidotus,Mostar Minnow,VU,EN,G,2024-2
BONY FISHES,Phoxinus strandjae,Strandzha Minnow,EN,LC,N,2024-2
BONY FISHES,Potamobatrachus trispinosus,Mangangá,DD,VU,N,2024-1
BONY FISHES,Proterorhinus tataricus,Chornaya Tubenose Goby,CR,EN,N,2024-2
BONY FISHES,Protochondrostoma genei,South European Nase,LC,VU,G,2024-2
BONY FISHES,Pseudochondrostoma duriense,Northern Straight-Mouth Nase,VU,NT,N,2024-2
BONY FISHES,Pseudochondrostoma polylepis,Iberian Straight-Mouth Nase,LC,VU,N,2024-2
BONY FISHES,Pseudochondrostoma willkommii,Southern Straight-Mouth Nase,VU,NT,N,2024-2
BONY FISHES,Pungitius hellenicus,Greek Stickleback,CR,EN,N,2024-2
BONY FISHES,Romanogobio antipai,Danube Delta Gudgeon,EX,VU,N,2024-2
BONY FISHES,Romanogobio benacensis,Italian Gudgeon,EN,NT,N,2024-2
BONY FISHES,Romanogobio elimeius,Greek Stone Gudgeon,LC,NT,N,2024-2
BONY FISHES,Rutilus meidingeri,Pearlfish,EN,NT,G,2024-2
BONY FISHES,Rutilus panosi,Achelous Roach,VU,EN,N,2024-2
BONY FISHES,Rutilus pigus,Italian Roach,LC,VU,G,2024-2
BONY FISHES,Sabanejewia larvata,Italian Golden Loach,LC,VU,G,2024-2
BONY FISHES,Sabanejewia romanica,Romanian Golden Loach,NT,VU,G,2024-2
BONY FISHES,Sabanejewia vallachica,East Carpathian Golden Loach,NT,VU,G,2024-2
BONY FISHES,Salariopsis economidisi,Trichonida Blenny,CR,EN,N,2024-2
BONY FISHES,Salmo aphelios,Ohrid Summer Trout,DD,EN,N,2024-2
BONY FISHES,Salmo balcanicus,Struga Trout,DD,CR,N,2024-2
BONY FISHES,Salmo carpio,Garda Trout,CR,EN,N,2024-2
BONY FISHES,Salmo cettii,Mediterranean Trout,NT,CR,N,2024-2
BONY FISHES,Salmo fibreni,Fibreno Trout,VU,CR,N,2024-2
BONY FISHES,Salmo letnica,Ohrid Trout,DD,EN,N,2024-2
BONY FISHES,Salmo lumi,Ohrid River Trout,DD,EN,N,2024-2
BONY FISHES,Salmo macedonicus,Macedonian Trout,DD,LC,N,2024-2
BONY FISHES,Salmo marmoratus,Marble Trout,LC,VU,N,2024-2
BONY FISHES,Salmo obtusirostris,Softmouth Trout,EN,VU,N,2024-2
BONY FISHES,Salmo ohridanus,Ohrid Belvica,VU,EN,N,2024-2
BONY FISHES,Salmo pelagonicus,Pelagonian Trout,VU,LC,N,2024-2
BONY FISHES,Salmo rhodanensis,Rhône Trout,DD,LC,N,2024-2
BONY FISHES,Salmo schiefermuelleri,May Trout,DD,EX,N,2024-2
BONY FISHES,Salmo taleri,,DD,EN,N,2024-2
BONY FISHES,Salvelinus inframundus,Orkney Charr,DD,EX,N,2024-2
BONY FISHES,Salvelinus lonsdalii,Lonsdale’s Charr,CR,VU,G,2024-2
BONY FISHES,Salvelinus murta,Murta Charr,LC,VU,N,2024-2
BONY FISHES,Salvelinus profundus,Constance Deepwater Charr,EX,EN,N,2024-2
BONY FISHES,Salvelinus thingvallensis,Þingvallavatn Charr,LC,VU,N,2024-2
BONY FISHES,Salvelinus tolmachoffi,,EN,LC,N,2024-2
BONY FISHES,Salvelinus willoughbii,Willoughby’s Charr,EN,CR,N,2024-2
BONY FISHES,Salvethymus svetovidovi,,VU,LC,N,2024-2
BONY FISHES,Sarmarutilus rubilio,Apennine Roach,NT,VU,G,2024-2
BONY FISHES,Scardinius acarnanicus,Trichonis Rudd,NT,EN,N,2024-2
BONY FISHES,Scardinius graecus,Greek Rudd,CR,EN,N,2024-2
BONY FISHES,Scardinius knezevici,Skadar Rudd,LC,VU,N,2024-2
BONY FISHES,Scardinius plotizza,Neretva Rudd,LC,NT,N,2024-2
BONY FISHES,Scardinius racovitzai,Racovitza's Rudd,CR,EW,G,2024-2
BONY FISHES,Scomberomorus concolor,Monterrey Spanish Mackerel,VU,NT,N,2024-1
BONY FISHES,Silurus aristotelis,Aristotle's Catfish,DD,EN,N,2024-2
BONY FISHES,Sinocyclocheilus hyalinus,,VU,CR,G,2024-1
BONY FISHES,Squalius alburnoides,Calandino,VU,LC,N,2024-2
BONY FISHES,Squalius albus,Trasimeno Chub,LC,EN,N,2024-2
BONY FISHES,Squalius carolitertii,Northern Iberian Chub,LC,NT,N,2024-2
BONY FISHES,Squalius laietanus,Catalan Chub,LC,VU,N,2024-2
BONY FISHES,Squalius lucumonis,Etruscan Chub,EN,CR,G,2024-2
BONY FISHES,Squalius palaciosi,,CR,EX,G,2024-2
BONY FISHES,Squalius pamvoticus,Pamvotida Chub,LC,NT,N,2024-2
BONY FISHES,Squalius prespensis,Prespa Chub,LC,EN,N,2024-2
BONY FISHES,Squalius svallize,Neretva Chub,VU,NT,N,2024-2
BONY FISHES,Squalius valentinus,Eastern Iberian Chub,VU,NT,N,2024-2
BONY FISHES,Stenodus leucichthys,Caspian Inconnu,EW,NT,N,2024-2
BONY FISHES,Syngnathus caspius,Caspian Pipefish,DD,LC,N,2024-2
BONY FISHES,Telestes metohiensis,Striped Dace,VU,EN,N,2024-2
BONY FISHES,Telestes montenigrinus,Montenegro Riffle Dace,LC,NT,N,2024-2
BONY FISHES,Telestes turskyi,Tursky's Dace,CR,EN,N,2024-2
BONY FISHES,Telestes ukliva,Cetina Dace,EX,EN,N,2024-2
BONY FISHES,Thymallus aeliani,Adriatic Grayling,CR,EN,N,2024-2
BONY FISHES,Trichomycterus chungaraensis,Bagre de Chungará,VU,LC,N,2024-1
BONY FISHES,Trichomycterus laucaensis,Bagre de Lauca,LR/nt,VU,N,2024-1
BONY FISHES,Trichomycterus rivulatus,Bagre de la Puna,LR/nt,LC,N,2024-1
BONY FISHES,Triplophysa gejiuensis,,VU,CR,N,2024-1
BONY FISHES,Tropidophoxinellus hellenicus,Hellenic Minnowroach,LC,NT,N,2024-2
BONY FISHES,Tropidophoxinellus spartiaticus,Spartian Minnowroach,VU,NT,N,2024-2
BONY FISHES,Valencia hispanica,Valencian Toothcarp,CR,VU,G,2024-2
BONY FISHES,Vimba melanops,Macedonian Vimba,DD,LC,N,2024-2
BONY FISHES,Zingel asper,Rhône Streber,CR,EN,N,2024-2
BONY FISHES,Zingel balcanicus,Vardar Streber,DD,CR,N,2024-2
CRABS,Macrobrachium thysi,,DD,VU,N,2024-2
CRABS,Potamonautes lividus,Blue Swamp Forest Crab,VU,LC,N,2024-1
MOLLUSCS - Bivalves,Congeria kusceri,South Dinaric Cave Clam,VU,EN,N,2024-1
MOLLUSCS - Bivalves,Euglesa maasseni,,EN,CR,N,2024-1
MOLLUSCS - Bivalves,Euglesa pseudosphaerium,False-orb Pea Mussel,LC,VU,G,2024-1
MOLLUSCS - Bivalves,Hippopus hippopus,Horse's Hoof Clam,LR/cd,VU,N,2024-2
MOLLUSCS - Bivalves,Hippopus porcellanus,China Clam,LR/cd,VU,N,2024-2
MOLLUSCS - Bivalves,Microcondylaea bonellii,,VU,CR,G,2024-1
MOLLUSCS - Bivalves,Pseudanodonta complanata,Depressed River Mussel,VU,EN,N,2024-1
MOLLUSCS - Bivalves,Tridacna derasa,Smooth Giant Clam,VU,EN,G,2024-2
MOLLUSCS - Bivalves,Tridacna gigas,Giant Clam,VU,CR,G,2024-2
MOLLUSCS - Bivalves,Tridacna maxima,Small Giant Clam,LR/cd,LC,N,2024-2
MOLLUSCS - Bivalves,Tridacna mbalavuana,Tevoro Clam,VU,EN,N,2024-2
MOLLUSCS - Bivalves,Tridacna rosewateri,Rosewater’s Giant Clam,VU,DD,N,2024-2
MOLLUSCS - Bivalves,Tridacna squamosa,Fluted Giant Clam,LR/cd,LC,N,2024-2
MOLLUSCS - Bivalves,Unio delphinus,,NT,EN,G,2024-1
MOLLUSCS - Bivalves,Unio durieui,,EN,CR,N,2024-2
MOLLUSCS - Bivalves,Unio mancus,,NT,EN,N,2024-1
MOLLUSCS - Bivalves,Unio tumidiformis,,VU,CR,G,2024-1
MOLLUSCS - Gastropods,Acicula hausdorfi,,NT,LC,N,2024-1
MOLLUSCS - Gastropods,Albinaria fulvula,,DD,LC,N,2024-2
MOLLUSCS - Gastropods,Albinaria litoraria,,VU,NT,N,2024-2
MOLLUSCS - Gastropods,Albinaria moreletiana,,VU,NT,N,2024-2
MOLLUSCS - Gastropods,Allaegopis kerketianus,,NT,LC,N,2024-1
MOLLUSCS - Gastropods,Aristena rechingeri,,CR,EN,N,2024-2
MOLLUSCS - Gastropods,Corrosella marocana,,EN,CR,N,2024-1
MOLLUSCS - Gastropods,Helix borealis,,DD,LC,N,2024-2
MOLLUSCS - Gastropods,Isabellaria riedeli,,LC,NT,N,2024-2
MOLLUSCS - Gastropods,Isabellaria sericata,,LC,NT,G,2024-2
MOLLUSCS - Gastropods,Josephinella choristochila,,LC,DD,N,2024-2
MOLLUSCS - Gastropods,Josephinella eliaca,,LC,DD,N,2024-2
MOLLUSCS - Gastropods,Josephinella reischuetzi,,NT,LC,N,2024-1
MOLLUSCS - Gastropods,Josephinella vikosensis,,DD,LC,N,2024-1
MOLLUSCS - Gastropods,Limax hemmeni,,VU,LC,N,2024-2
MOLLUSCS - Gastropods,Mediterranea amaltheae,,CR,VU,N,2024-1
MOLLUSCS - Gastropods,Mediterranea pieperi,,VU,LC,N,2024-2
MOLLUSCS - Gastropods,Metafruticicola andria,,LC,NT,N,2024-1
MOLLUSCS - Gastropods,Metafruticicola naxiana,,DD,VU,N,2024-1
MOLLUSCS - Gastropods,Metafruticicola pieperi,,VU,CR,N,2024-1
MOLLUSCS - Gastropods,Napaeus doloresae,,CR,NT,E,2024-2
MOLLUSCS - Gastropods,Orculella fodela,,LC,VU,N,2024-2
MOLLUSCS - Gastropods,Pagodulina klemmi,,LC,VU,N,2024-1
MOLLUSCS - Gastropods,Partula cramptoni,Crampton's Partula Tree Snail,DD,CR,N,2024-1
MOLLUSCS - Gastropods,Partula cytherea,Polynesian Tree Snail,EX,CR,N,2024-1
MOLLUSCS - Gastropods,Partula dentifera,Polynesian Tree Snail,EW,EX,N,2024-1
MOLLUSCS - Gastropods,Partula faba,Captain Cook's Bean Snail,EW,EX,G,2024-1
MOLLUSCS - Gastropods,Partula gibba,Fat Guam Partula,CR,EN,N,2024-1
MOLLUSCS - Gastropods,Partula guamensis,Pohnpei Ground Partula Snail,CR,EX,N,2024-1
MOLLUSCS - Gastropods,Partula jackieburchi,Polynesian Tree Snail,EX,CR,N,2024-1
MOLLUSCS - Gastropods,Partula langfordi,,CR,EX,N,2024-1
MOLLUSCS - Gastropods,Partula meyeri,Meyer's Tree Snail,CR,CR(PE),N,2024-1
MOLLUSCS - Gastropods,Partula otaheitana,Perverse Tahiti Tree Snail,CR,EN,N,2024-1
MOLLUSCS - Gastropods,Partula radiolata,Guam Tree Snail,CR,EN,N,2024-1
MOLLUSCS - Gastropods,Partula similaris,,DD,LC,N,2024-1
MOLLUSCS - Gastropods,Partula tristis,Polynesian Tree Snail,EW,EX,N,2024-1
MOLLUSCS - Gastropods,Platyla peloponnesica,,VU,LC,N,2024-1
MOLLUSCS - Gastropods,Samoana annectens,Huahine Samoana Tree Snail,DD,CR,N,2024-1
MOLLUSCS - Gastropods,Samoana attenuata,Slender Samoana Tree Snail,CR,EN,N,2024-1
MOLLUSCS - Gastropods,Samoana burchi,Burch's Tree Snail,CR,EN,N,2024-1
MOLLUSCS - Gastropods,Samoana fragilis,Fragile Tree Snail,CR,EN,N,2024-1
MOLLUSCS - Gastropods,Samoana ganymedes,Polynesian Tree Snail,DD,CR,N,2024-1
MOLLUSCS - Gastropods,Samoana inflata,Polynesian Tree Snail,EX,CR,N,2024-1
MOLLUSCS - Gastropods,Speleodentorcula beroni,,VU,NT,N,2024-1
MOLLUSCS - Gastropods,Thiessea euboeae,,NT,EN,N,2024-1
MOLLUSCS - Gastropods,Thiessea melpomene,,LC,EN,G,2024-1
MOLLUSCS - Gastropods,Xerocrassa franciscoi,,LC,VU,N,2024-1
MOLLUSCS - Gastropods,Xeromunda alticola,,LC,NT,N,2024-1
MOLLUSCS - Gastropods,Zonites astakidae,,CR,EN,N,2024-1
MOLLUSCS - Gastropods,Zonites embolium,,CR,EN,N,2024-1
MOLLUSCS - Gastropods,Zonites graecus,,EN,NT,N,2024-1
MOLLUSCS - Gastropods,Zonites kobelti,,EN,NT,N,2024-1
MOLLUSCS - Gastropods,Zonites labiosus,,EN,NT,N,2024-1
MOLLUSCS - Gastropods,Zonites messenicus,,EN,NT,N,2024-1
MOLLUSCS - Gastropods,Zonites oertzeni,,EN,NT,N,2024-1
MOLLUSCS - Gastropods,Zonites pergranulatus,,VU,NT,N,2024-1
CORALS,Acanthastrea brevis,,VU,LC,N,2024-2
CORALS,Acanthastrea hemprichii,,VU,LC,N,2024-2
CORALS,Acanthastrea minuta,,NT,LC,N,2024-2
CORALS,Acanthastrea pachysepta,,NT,LC,N,2024-2
CORALS,Acanthastrea rotundoflora,,NT,LC,N,2024-2
CORALS,Acanthastrea subechinata,,NT,LC,N,2024-2
CORALS,Acropora abrolhosensis,,VU,EN,N,2024-2
CORALS,Acropora abrotanoides,,LC,EN,N,2024-2
CORALS,Acropora aculeus,,VU,EN,N,2024-2
CORALS,Acropora acuminata,,VU,EN,N,2024-2
CORALS,Acropora anthocercis,,VU,EN,N,2024-2
CORALS,Acropora appressa,,NT,DD,N,2024-2
CORALS,Acropora arabensis,,NT,EN,N,2024-2
CORALS,Acropora aspera,,VU,EN,N,2024-2
CORALS,Acropora austera,,NT,EN,N,2024-2
CORALS,Acropora awi,,VU,EN,N,2024-2
CORALS,Acropora bushyensis,,LC,EN,N,2024-2
CORALS,Acropora cardenae,,DD,LC,N,2024-2
CORALS,Acropora carduus,,NT,EN,N,2024-2
CORALS,Acropora cerealis,,LC,EN,N,2024-2
CORALS,Acropora chesterfieldensis,,LC,EN,N,2024-2
CORALS,Acropora clathrata,,LC,EN,N,2024-2
CORALS,Acropora cytherea,,LC,EN,N,2024-2
CORALS,Acropora dendrum,,VU,EN,N,2024-2
CORALS,Acropora derawanensis,,VU,EN,N,2024-2
CORALS,Acropora digitifera,,NT,EN,N,2024-2
CORALS,Acropora divaricata,,NT,EN,N,2024-2
CORALS,Acropora donei,,VU,EN,N,2024-2
CORALS,Acropora downingi,,LC,EN,N,2024-2
CORALS,Acropora echinata,,VU,EN,N,2024-2
CORALS,Acropora elegans,,VU,LC,N,2024-2
CORALS,Acropora elseyi,,LC,EN,N,2024-2
CORALS,Acropora fenneri,,DD,EN,N,2024-2
CORALS,Acropora filiformis,,DD,EN,N,2024-2
CORALS,Acropora florida,Branch Coral,NT,EN,N,2024-2
CORALS,Acropora gemmifera,,LC,EN,N,2024-2
CORALS,Acropora glauca,,NT,EN,N,2024-2
CORALS,Acropora globiceps,,VU,EN,N,2024-2
CORALS,Acropora grandis,,LC,EN,N,2024-2
CORALS,Acropora granulosa,,NT,VU,N,2024-2
CORALS,Acropora halmaherae,,DD,EN,N,2024-2
CORALS,Acropora hemprichii,,VU,EN,N,2024-2
CORALS,Acropora hoeksemai,,VU,EN,N,2024-2
CORALS,Acropora horrida,,VU,EN,N,2024-2
CORALS,Acropora humilis,Finger Coral,NT,EN,N,2024-2
CORALS,Acropora hyacinthus,Brush Coral,NT,EN,N,2024-2
CORALS,Acropora indonesia,,VU,EN,N,2024-2
CORALS,Acropora japonica,,DD,CR,N,2024-2
CORALS,Acropora kimbeensis,,VU,EN,N,2024-2
CORALS,Acropora kirstyae,,VU,EN,N,2024-2
CORALS,Acropora kosurini,,VU,EN,N,2024-2
CORALS,Acropora lamarcki,,DD,LC,N,2024-2
CORALS,Acropora latistella,Staghorn Coral,LC,EN,N,2024-2
CORALS,Acropora listeri,,VU,EN,N,2024-2
CORALS,Acropora loisetteae,,VU,EN,N,2024-2
CORALS,Acropora lokani,,VU,EN,N,2024-2
CORALS,Acropora longicyathus,,LC,EN,N,2024-2
CORALS,Acropora loripes,,NT,EN,N,2024-2
CORALS,Acropora lovelli,,VU,EN,N,2024-2
CORALS,Acropora lutkeni,,NT,EN,N,2024-2
CORALS,Acropora microclados,,VU,EN,N,2024-2
CORALS,Acropora microphthalma,,LC,EN,N,2024-2
CORALS,Acropora millepora,,NT,EN,N,2024-2
CORALS,Acropora monticulosa,,NT,EN,N,2024-2
CORALS,Acropora multiacuta,,VU,EN,N,2024-2
CORALS,Acropora nana,,NT,EN,N,2024-2
CORALS,Acropora nasuta,,NT,EN,N,2024-2
CORALS,Acropora palmerae,,VU,EN,N,2024-2
CORALS,Acropora paniculata,,VU,EN,N,2024-2
CORALS,Acropora papillare,,VU,EN,N,2024-2
CORALS,Acropora pharaonis,,VU,EN,N,2024-2
CORALS,Acropora pichoni,,NT,LC,N,2024-2
CORALS,Acropora plumosa,,VU,EN,N,2024-2
CORALS,Acropora polystoma,,VU,EN,N,2024-2
CORALS,Acropora proximalis,,DD,EN,N,2024-2
CORALS,Acropora pruinosa,,DD,EN,N,2024-2
CORALS,Acropora pulchra,,LC,EN,N,2024-2
CORALS,Acropora retusa,,VU,EN,N,2024-2
CORALS,Acropora robusta,,LC,EN,N,2024-2
CORALS,Acropora rongelapensis,,DD,EN,N,2024-2
CORALS,Acropora roseni,,EN,VU,N,2024-2
CORALS,Acropora russelli,,VU,NT,N,2024-2
CORALS,Acropora samoensis,,LC,EN,N,2024-2
CORALS,Acropora sarmentosa,,LC,EN,N,2024-2
CORALS,Acropora secale,,NT,EN,N,2024-2
CORALS,Acropora selago,,NT,EN,N,2024-2
CORALS,Acropora simplex,,VU,LC,N,2024-2
CORALS,Acropora solitaryensis,,VU,EN,N,2024-2
CORALS,Acropora spathulata,,LC,EN,N,2024-2
CORALS,Acropora spicifera,,VU,EN,N,2024-2
CORALS,Acropora squarrosa,,LC,EN,N,2024-2
CORALS,Acropora stoddarti,,DD,EN,N,2024-2
CORALS,Acropora striata,,VU,EN,N,2024-2
CORALS,Acropora subglabra,,LC,EN,N,2024-2
CORALS,Acropora subulata,,LC,EN,N,2024-2
CORALS,Acropora sukarnoi,,DD,EN,N,2024-2
CORALS,Acropora tanegashimensis,,DD,VU,N,2024-2
CORALS,Acropora tenella,,VU,LC,N,2024-2
CORALS,Acropora tenuis,,NT,EN,N,2024-2
CORALS,Acropora tortuosa,,LC,EN,N,2024-2
CORALS,Acropora tumida,,DD,EN,N,2024-2
CORALS,Acropora turaki,,VU,EN,N,2024-2
CORALS,Acropora valenciennesi,,LC,EN,N,2024-2
CORALS,Acropora valida,,LC,EN,N,2024-2
CORALS,Acropora variolosa,,LC,EN,N,2024-2
CORALS,Acropora vaughani,,VU,EN,N,2024-2
CORALS,Acropora verweyi,,VU,EN,N,2024-2
CORALS,Acropora walindii,,VU,EN,N,2024-2
CORALS,Acropora willisae,,VU,EN,N,2024-2
CORALS,Acropora yongei,,LC,EN,N,2024-2
CORALS,Alveopora allingi,,VU,EN,N,2024-2
CORALS,Alveopora catalai,,NT,EN,N,2024-2
CORALS,Alveopora daedalea,,VU,EN,N,2024-2
CORALS,Alveopora excelsa,,EN,VU,N,2024-2
CORALS,Alveopora fenestrata,,VU,EN,N,2024-2
CORALS,Alveopora gigas,,VU,EN,N,2024-2
CORALS,Alveopora japonica,,VU,CR,N,2024-2
CORALS,Alveopora marionensis,,VU,EN,N,2024-2
CORALS,Alveopora ocellata,,DD,EN,N,2024-2
CORALS,Alveopora spongiosa,,NT,VU,N,2024-2
CORALS,Alveopora verrilliana,,VU,EN,N,2024-2
CORALS,Alveopora viridis,,NT,VU,N,2024-2
CORALS,Anacropora forbesi,,LC,VU,N,2024-2
CORALS,Anacropora pillai,,DD,VU,N,2024-2
CORALS,Anacropora puertogalerae,,VU,EN,N,2024-2
CORALS,Anacropora reticulata,,VU,EN,N,2024-2
CORALS,Anacropora spumosa,,DD,EN,N,2024-2
CORALS,Anomastraea irregularis,,VU,LC,N,2024-2
CORALS,Astraeosmilia connata,,VU,LC,N,2024-2
CORALS,Astraeosmilia curvata,,VU,LC,N,2024-2
CORALS,Astraeosmilia maxima,,NT,LC,N,2024-2
CORALS,Astraeosmilia tumida,,NT,LC,N,2024-2
CORALS,Astrea annuligera,,NT,LC,N,2024-2
CORALS,Astreopora cucullata,,VU,EN,N,2024-2
CORALS,Astreopora expansa,,NT,VU,N,2024-2
CORALS,Astreopora incrustans,,VU,EN,N,2024-2
CORALS,Astreopora listeri,,LC,EN,N,2024-2
CORALS,Astreopora macrostoma,,NT,EN,N,2024-2
CORALS,Astreopora moretonensis,,VU,EN,N,2024-2
CORALS,Astreopora randalli,,LC,EN,N,2024-2
CORALS,Astreopora suggesta,,LC,EN,N,2024-2
CORALS,Australogyra zelli,,VU,LC,N,2024-2
CORALS,Australophyllia wilsoni,,LC,VU,N,2024-2
CORALS,Blastomussa wellsi,Branched Cup Coral,NT,LC,N,2024-2
CORALS,Boninastrea boninensis,Merulina Coral,DD,VU,N,2024-2
CORALS,Cantharellus noumeae,,EN,VU,N,2024-2
CORALS,Catalaphyllia jardinei,Elegance Coral,VU,LC,N,2024-2
CORALS,Caulastraea echinulata,,VU,EN,N,2024-2
CORALS,Coelastrea palauensis,,NT,LC,N,2024-2
CORALS,Coscinaraea crassa,,NT,LC,N,2024-2
CORALS,Coscinaraea hahazimaensis,,VU,LC,N,2024-2
CORALS,Ctenactis albitentaculata,,NT,EN,N,2024-2
CORALS,Ctenella chagius,Chagos Brain Coral,EN,CR,G,2024-2
CORALS,Cycloseris curvata,,VU,LC,N,2024-2
CORALS,Cynarina lacrymalis,,NT,LC,N,2024-2
CORALS,Cyphastrea agassizi,,VU,LC,N,2024-2
CORALS,Cyphastrea hexasepta,,VU,LC,N,2024-2
CORALS,Cyphastrea ocellina,Ocellated Brain Coral,VU,LC,N,2024-2
CORALS,Danafungia scruposa,,LC,EN,N,2024-2
CORALS,Diploastrea heliopora,,NT,LC,N,2024-2
CORALS,Dipsastraea albida,,NT,LC,N,2024-2
CORALS,Dipsastraea faviaformis,,VU,LC,N,2024-2
CORALS,Dipsastraea favus,Head Coral,LC,VU,N,2024-2
CORALS,Dipsastraea helianthoides,,NT,LC,N,2024-2
CORALS,Dipsastraea lacuna,,NT,LC,N,2024-2
CORALS,Dipsastraea laddi,,VU,LC,N,2024-2
CORALS,Dipsastraea laxa,,NT,EN,N,2024-2
CORALS,Dipsastraea lizardensis,,NT,EN,N,2024-2
CORALS,Dipsastraea maritima,,NT,LC,N,2024-2
CORALS,Dipsastraea marshae,,NT,LC,N,2024-2
CORALS,Dipsastraea matthaii,,NT,LC,N,2024-2
CORALS,Dipsastraea rosaria,,VU,LC,N,2024-2
CORALS,Dipsastraea veroni,,NT,LC,N,2024-2
CORALS,Dipsastraea vietnamensis,,NT,LC,N,2024-2
CORALS,Duncanopsammia axifuga,Whisker Coral,NT,LC,N,2024-2
CORALS,Duncanopsammia peltata,,VU,LC,N,2024-2
CORALS,Echinomorpha nishihirai,,NT,LC,N,2024-2
CORALS,Echinophyllia costata,,VU,LC,N,2024-2
CORALS,Echinophyllia pectinata,,DD,LC,N,2024-2
CORALS,Echinopora ashmorensis,Hedgehog Coral,VU,LC,N,2024-2
CORALS,Echinopora forskaliana,,NT,LC,N,2024-2
CORALS,Echinopora fruticulosa,,NT,LC,N,2024-2
CORALS,Echinopora horrida,,NT,LC,N,2024-2
CORALS,Echinopora irregularis,,DD,LC,N,2024-2
CORALS,Echinopora lamellosa,,LC,VU,N,2024-2
CORALS,Echinopora mammiformis,,NT,LC,N,2024-2
CORALS,Echinopora pacifica,,NT,LC,N,2024-2
CORALS,Echinopora robusta,,VU,LC,N,2024-2
CORALS,Echinopora taylorae,,NT,LC,N,2024-2
CORALS,Echinopora tiranensis,,DD,LC,N,2024-2
CORALS,Enigmopora darveliensis,,DD,VU,N,2024-2
CORALS,Euphyllia cristata,,VU,LC,N,2024-2
CORALS,Euphyllia glabrescens,Torch Coral,NT,LC,N,2024-2
CORALS,Euphyllia paraglabrescens,,VU,LC,N,2024-2
CORALS,Favites abdita,,NT,LC,N,2024-2
CORALS,Favites acuticollis,,NT,LC,N,2024-2
CORALS,Favites chinensis,,NT,LC,N,2024-2
CORALS,Favites colemani,,NT,LC,N,2024-2
CORALS,Favites complanata,,NT,LC,N,2024-2
CORALS,Favites flexuosa,,NT,LC,N,2024-2
CORALS,Favites halicora,,NT,LC,N,2024-2
CORALS,Favites magnistellata,,NT,LC,N,2024-2
CORALS,Favites micropentagonus,,NT,LC,N,2024-2
CORALS,Favites paraflexuosus,,NT,LC,N,2024-2
CORALS,Favites rotundata,,NT,LC,N,2024-2
CORALS,Favites spinosa,,VU,LC,N,2024-2
CORALS,Favites stylifera,,NT,LC,N,2024-2
CORALS,Favites valenciennesii,,NT,EN,N,2024-2
CORALS,Favites vasta,,NT,LC,N,2024-2
CORALS,Fimbriaphyllia ancora,,VU,LC,N,2024-2
CORALS,Fimbriaphyllia divisa,,NT,LC,N,2024-2
CORALS,Fimbriaphyllia paraancora,,VU,LC,N,2024-2
CORALS,Fimbriaphyllia paradivisa,,VU,LC,N,2024-2
CORALS,Fimbriaphyllia yaeyamaensis,,NT,LC,N,2024-2
CORALS,Fungia fungites,Common Mushroom Coral,NT,LC,N,2024-2
CORALS,Galaxea acrhelia,,VU,LC,N,2024-2
CORALS,Galaxea astreata,,VU,LC,N,2024-2
CORALS,Galaxea cryptoramosa,,VU,LC,N,2024-2
CORALS,Galaxea fascicularis,,NT,LC,N,2024-2
CORALS,Galaxea longisepta,,NT,LC,N,2024-2
CORALS,Galaxea paucisepta,,NT,LC,N,2024-2
CORALS,Goniastrea columella,,NT,LC,N,2024-2
CORALS,Goniastrea favulus,,NT,LC,N,2024-2
CORALS,Goniastrea minuta,,NT,LC,N,2024-2
CORALS,Goniastrea ramosa,,VU,LC,N,2024-2
CORALS,Goniastrea stelligera,,NT,LC,N,2024-2
CORALS,Goniastrea thecata,,NT,LC,N,2024-2
CORALS,Goniopora albiconus,,VU,LC,N,2024-2
CORALS,Goniopora burgosi,,VU,LC,N,2024-2
CORALS,Goniopora cellulosa,,VU,LC,N,2024-2
CORALS,Goniopora columna,,NT,LC,N,2024-2
CORALS,Goniopora diminuta,,DD,LC,N,2024-2
CORALS,Goniopora lobata,,NT,LC,N,2024-2
CORALS,Goniopora paliformis,,VU,LC,N,2024-2
CORALS,Goniopora planulata,,VU,LC,N,2024-2
CORALS,Goniopora polyformis,,VU,LC,N,2024-2
CORALS,Goniopora stokesi,,NT,LC,N,2024-2
CORALS,Goniopora tantillus,,DD,EN,N,2024-2
CORALS,Goniopora tenella,,NT,LC,N,2024-2
CORALS,Halomitra clavator,,VU,LC,N,2024-2
CORALS,Heliofungia actiniformis,,VU,LC,N,2024-2
CORALS,Heliopora coerulea,Blue Coral,VU,LC,N,2024-2
CORALS,Heteropsammia eupsammides,,NT,DD,N,2024-2
CORALS,Homophyllia australis,,LC,VU,N,2024-2
CORALS,Homophyllia bowerbanki,,VU,LC,N,2024-2
CORALS,Horastrea indica,,VU,LC,N,2024-2
CORALS,Hydnophora bonsai,,EN,LC,N,2024-2
CORALS,Hydnophora exesa,,NT,LC,N,2024-2
CORALS,Hydnophora grandis,,LC,DD,N,2024-2
CORALS,Hydnophora microconos,,NT,LC,N,2024-2
CORALS,Isopora brueggemanni,,VU,EN,N,2024-2
CORALS,Isopora crateriformis,,VU,EN,N,2024-2
CORALS,Isopora cuneata,,VU,EN,N,2024-2
CORALS,Isopora palifera,Catch Bowl Coral,NT,EN,N,2024-2
CORALS,Leptastrea aequalis,,VU,LC,N,2024-2
CORALS,Leptastrea bewickensis,,NT,LC,N,2024-2
CORALS,Leptastrea bottae,,NT,LC,N,2024-2
CORALS,Leptastrea inaequalis,,NT,LC,N,2024-2
CORALS,Leptoria irregularis,,VU,LC,N,2024-2
CORALS,Leptoria phrygia,,NT,LC,N,2024-2
CORALS,Leptoseris amitoriensis,,NT,LC,N,2024-2
CORALS,Leptoseris incrustans,,VU,LC,N,2024-2
CORALS,Leptoseris striata,,NT,LC,N,2024-2
CORALS,Leptoseris yabei,,VU,LC,N,2024-2
CORALS,Lithophyllon concinna,,LC,EN,N,2024-2
CORALS,Lithophyllon ranjithi,,EN,DD,N,2024-2
CORALS,Lithophyllon repanda,,LC,EN,N,2024-2
CORALS,Lithophyllon undulatum,,NT,LC,N,2024-2
CORALS,Lobophyllia corymbosa,Brain Root Coral,LC,VU,N,2024-2
CORALS,Lobophyllia dentata,,VU,EN,N,2024-2
CORALS,Lobophyllia diminuta,Lobed Cactus Coral,VU,EN,N,2024-2
CORALS,Lobophyllia flabelliformis,,VU,LC,N,2024-2
CORALS,Lobophyllia hassi,,VU,LC,N,2024-2
CORALS,Lobophyllia hemprichii,Largebrain Root Coral,LC,EN,N,2024-2
CORALS,Lobophyllia ishigakiensis,,VU,LC,N,2024-2
CORALS,Lobophyllia robusta,,LC,VU,N,2024-2
CORALS,Lobophyllia rowleyensis,,NT,LC,N,2024-2
CORALS,Lobophyllia vitiensis,,NT,LC,N,2024-2
CORALS,Madracis asanoi,,DD,LC,N,2024-2
CORALS,Merulina scabricula,,LC,EN,N,2024-2
CORALS,Merulina triangularis,,NT,LC,N,2024-2
CORALS,Micromussa amakusensis,,NT,LC,N,2024-2
CORALS,Micromussa lordhowensis,,NT,EN,N,2024-2
CORALS,Micromussa multipunctata,,VU,LC,N,2024-2
CORALS,Micromussa regularis,,VU,LC,N,2024-2
CORALS,Montipora aequituberculata,,LC,EN,N,2024-2
CORALS,Montipora altasepta,,VU,EN,N,2024-2
CORALS,Montipora angulata,,VU,EN,N,2024-2
CORALS,Montipora aspergillus,,DD,EN,N,2024-2
CORALS,Montipora australiensis,,VU,EN,N,2024-2
CORALS,Montipora cactus,,VU,EN,N,2024-2
CORALS,Montipora calcarea,,VU,EN,N,2024-2
CORALS,Montipora caliculata,,VU,EN,N,2024-2
CORALS,Montipora capitata,,NT,EN,N,2024-2
CORALS,Montipora capricornis,,VU,EN,N,2024-2
CORALS,Montipora cebuensis,,VU,EN,N,2024-2
CORALS,Montipora circumvallata,,LC,EN,N,2024-2
CORALS,Montipora cocosensis,,VU,EN,N,2024-2
CORALS,Montipora confusa,,NT,EN,N,2024-2
CORALS,Montipora corbettensis,,VU,EN,N,2024-2
CORALS,Montipora crassituberculata,,VU,EN,N,2024-2
CORALS,Montipora cryptus,,NT,EN,N,2024-2
CORALS,Montipora danae,,LC,EN,N,2024-2
CORALS,Montipora delicatula,,VU,EN,N,2024-2
CORALS,Montipora digitata,,LC,EN,N,2024-2
CORALS,Montipora dilatata,,EN,VU,N,2024-2
CORALS,Montipora echinata,,DD,EN,N,2024-2
CORALS,Montipora efflorescens,,NT,EN,N,2024-2
CORALS,Montipora effusa,,NT,EN,N,2024-2
CORALS,Montipora flabellata,,VU,NT,N,2024-2
CORALS,Montipora florida,,VU,EN,N,2024-2
CORALS,Montipora floweri,,LC,EN,N,2024-2
CORALS,Montipora foliosa,,NT,EN,N,2024-2
CORALS,Montipora foveolata,,NT,EN,N,2024-2
CORALS,Montipora friabilis,,VU,EN,N,2024-2
CORALS,Montipora gaimardi,,VU,EN,N,2024-2
CORALS,Montipora grisea,,LC,EN,N,2024-2
CORALS,Montipora hemispherica,,DD,EN,N,2024-2
CORALS,Montipora hispida,,LC,EN,N,2024-2
CORALS,Montipora hodgsoni,,VU,EN,N,2024-2
CORALS,Montipora hoffmeisteri,,LC,VU,N,2024-2
CORALS,Montipora incrassata,,NT,EN,N,2024-2
CORALS,Montipora informis,,LC,EN,N,2024-2
CORALS,Montipora kellyi,,DD,VU,N,2024-2
CORALS,Montipora lobulata,,VU,EN,N,2024-2
CORALS,Montipora mactanensis,,VU,EN,N,2024-2
CORALS,Montipora maeandrina,,VU,EN,N,2024-2
CORALS,Montipora malampaya,,VU,EN,N,2024-2
CORALS,Montipora millepora,,LC,VU,N,2024-2
CORALS,Montipora mollis,,LC,EN,N,2024-2
CORALS,Montipora monasteriata,,LC,VU,N,2024-2
CORALS,Montipora niugini,,NT,EN,N,2024-2
CORALS,Montipora nodosa,,NT,EN,N,2024-2
CORALS,Montipora orientalis,,VU,EN,N,2024-2
CORALS,Montipora pachytuberculata,,DD,EN,N,2024-2
CORALS,Montipora palawanensis,,NT,EN,N,2024-2
CORALS,Montipora patula,,VU,CR,N,2024-2
CORALS,Montipora peltiformis,,NT,EN,N,2024-2
CORALS,Montipora porites,,NT,EN,N,2024-2
CORALS,Montipora samarensis,,VU,EN,N,2024-2
CORALS,Montipora saudii,,NT,EN,N,2024-2
CORALS,Montipora spongiosa,,LC,EN,N,2024-2
CORALS,Montipora spongodes,,LC,EN,N,2024-2
CORALS,Montipora spumosa,,LC,EN,N,2024-2
CORALS,Montipora stellata,,LC,EN,N,2024-2
CORALS,Montipora stilosa,,VU,EN,N,2024-2
CORALS,Montipora taiwanensis,,DD,EN,N,2024-2
CORALS,Montipora tuberculosa,,LC,EN,N,2024-2
CORALS,Montipora turgescens,,LC,EN,N,2024-2
CORALS,Montipora turtlensis,,VU,EN,N,2024-2
CORALS,Montipora undata,,NT,EN,N,2024-2
CORALS,Montipora venosa,,NT,EN,N,2024-2
CORALS,Montipora verrilli,,DD,VU,N,2024-2
CORALS,Montipora verrucosa,,LC,VU,N,2024-2
CORALS,Montipora verruculosa,,VU,EN,N,2024-2
CORALS,Montipora vietnamensis,,VU,EN,N,2024-2
CORALS,Moseleya latistellata,,VU,LC,N,2024-2
CORALS,Mycedium steeni,,VU,LC,N,2024-2
CORALS,Mycetophyllia lamarckiana,Ridged Cactus Coral,LC,NT,N,2024-1
CORALS,Nemenzophyllia turbida,,VU,LC,N,2024-2
CORALS,Oulophyllia bennettae,,NT,LC,N,2024-2
CORALS,Oulophyllia crispa,Intermediate Valley Coral,NT,EN,N,2024-2
CORALS,Oxypora convoluta,,DD,LC,N,2024-2
CORALS,Oxypora egyptensis,,DD,LC,N,2024-2
CORALS,Pachyseris gemmae,,NT,VU,N,2024-2
CORALS,Pachyseris involuta,,VU,LC,N,2024-2
CORALS,Pachyseris rugosa,,VU,LC,N,2024-2
CORALS,Palauastrea ramosa,,NT,LC,N,2024-2
CORALS,Paragoniastrea deformis,,VU,LC,N,2024-2
CORALS,Paragoniastrea russelli,,NT,LC,N,2024-2
CORALS,Paramontastraea peresi,,NT,LC,N,2024-2
CORALS,Paramontastraea salebrosa,,VU,LC,N,2024-2
CORALS,Paramontastraea serageldini,,VU,LC,N,2024-2
CORALS,Pavona bipartita,,VU,LC,N,2024-2
CORALS,Pavona chiriquiensis,,LC,VU,N,2024-2
CORALS,Pavona danai,,VU,LC,N,2024-2
CORALS,Pavona decussata,,VU,LC,N,2024-2
CORALS,Pavona diffluens,,VU,LC,N,2024-2
CORALS,Pavona duerdeni,,LC,EN,N,2024-2
CORALS,Pavona gigantea,,LC,NT,N,2024-2
CORALS,Pavona minuta,,NT,VU,N,2024-2
CORALS,Pavona venosa,,VU,LC,N,2024-2
CORALS,Pectinia africana,,VU,LC,N,2024-2
CORALS,Pectinia alcicornis,,VU,EN,N,2024-2
CORALS,Pectinia elongata,,NT,LC,N,2024-2
CORALS,Pectinia lactuca,Lettuce Coral,VU,EN,N,2024-2
CORALS,Pectinia maxima,,EN,LC,N,2024-2
CORALS,Pectinia paeonia,,NT,LC,N,2024-2
CORALS,Pectinia pygmaea,,NT,LC,N,2024-2
CORALS,Pectinia teres,,NT,LC,N,2024-2
CORALS,Physogyra lichtensteini,,VU,LC,N,2024-2
CORALS,Physophyllia ayleni,,NT,DD,N,2024-2
CORALS,Platygyra acuta,Lesser Valley Coral,NT,LC,N,2024-2
CORALS,Platygyra carnosa,,NT,LC,N,2024-2
CORALS,Platygyra crosslandi,,NT,LC,N,2024-2
CORALS,Platygyra lamellina,,NT,LC,N,2024-2
CORALS,Platygyra ryukyuensis,,NT,LC,N,2024-2
CORALS,Platygyra verweyi,,NT,LC,N,2024-2
CORALS,Platygyra yaeyamaensis,,VU,LC,N,2024-2
CORALS,Plerogyra discus,,VU,LC,N,2024-2
CORALS,Plerogyra simplex,,NT,LC,N,2024-2
CORALS,Plerogyra sinuosa,Bubble Coral,NT,LC,N,2024-2
CORALS,Pleuractis paumotensis,Elongate Mushroom Coral,LC,EN,N,2024-2
CORALS,Pleuractis seychellensis,,VU,LC,N,2024-2
CORALS,Pleuractis taiwanensis,,VU,LC,N,2024-2
CORALS,Pocillopora ankeli,,VU,EN,N,2024-2
CORALS,Pocillopora capitata,,LC,EN,N,2024-2
CORALS,Pocillopora damicornis,Cauliflower Coral,LC,EN,N,2024-2
CORALS,Pocillopora elegans,,VU,EN,N,2024-2
CORALS,Pocillopora indiania,,VU,EN,N,2024-2
CORALS,Pocillopora inflata,,VU,DD,N,2024-2
CORALS,Pocillopora kelleheri,,LC,EN,N,2024-2
CORALS,Pocillopora ligulata,,LC,EN,N,2024-2
CORALS,Pocillopora meandrina,,LC,EN,N,2024-2
CORALS,Pocillopora molokensis,,DD,VU,N,2024-2
CORALS,Pocillopora verrucosa,,LC,EN,N,2024-2
CORALS,Pocillopora woodjonesi,,LC,EN,N,2024-2
CORALS,Pocillopora zelli,,LC,EN,N,2024-2
CORALS,Podabacia motuporensis,,NT,LC,N,2024-2
CORALS,Polyphyllia novaehiberniae,,NT,LC,N,2024-2
CORALS,Porites annae,,NT,LC,N,2024-2
CORALS,Porites aranetai,,VU,LC,N,2024-2
CORALS,Porites arnaudi,,LC,NT,N,2024-2
CORALS,Porites attenuata,Hump Coral,VU,EN,N,2024-2
CORALS,Porites cocosensis,,VU,LC,N,2024-2
CORALS,Porites cumulatus,,VU,LC,N,2024-2
CORALS,Porites cylindrica,,NT,LC,N,2024-2
CORALS,Porites deformis,,NT,LC,N,2024-2
CORALS,Porites densa,,NT,LC,N,2024-2
CORALS,Porites desilveri,,EN,VU,N,2024-2
CORALS,Porites duerdeni,,LC,CR,N,2024-2
CORALS,Porites echinulata,,NT,LC,N,2024-2
CORALS,Porites eridani,,EN,LC,N,2024-2
CORALS,Porites evermanni,,DD,EN,N,2024-2
CORALS,Porites flavus,,DD,LC,N,2024-2
CORALS,Porites harrisoni,,NT,LC,N,2024-2
CORALS,Porites heronensis,,LC,EN,N,2024-2
CORALS,Porites horizontalata,,VU,EN,N,2024-2
CORALS,Porites lichen,,LC,VU,N,2024-2
CORALS,Porites lobata,,NT,LC,N,2024-2
CORALS,Porites murrayensis,,NT,LC,N,2024-2
CORALS,Porites napopora,,VU,LC,N,2024-2
CORALS,Porites negrosensis,,NT,LC,N,2024-2
CORALS,Porites nigrescens,,VU,LC,N,2024-2
CORALS,Porites okinawensis,,VU,LC,N,2024-2
CORALS,Porites ornata,,EN,LC,N,2024-2
CORALS,Porites panamensis,,LC,NT,N,2024-2
CORALS,Porites pukoensis,,CR,DD,N,2024-2
CORALS,Porites rugosa,,VU,LC,N,2024-2
CORALS,Porites silimaniana,,VU,LC,N,2024-2
CORALS,Porites somaliensis,,NT,LC,N,2024-2
CORALS,Porites stephensoni,,NT,EN,N,2024-2
CORALS,Porites studeri,,LC,DD,N,2024-2
CORALS,Porites sverdrupi,Saffron Coral,VU,CR,G,2024-2
CORALS,Porites tuberculosus,,VU,LC,N,2024-2
CORALS,Psammocora albopicta,,DD,LC,N,2024-2
CORALS,Psammocora contigua,,NT,LC,N,2024-2
CORALS,Psammocora digitata,,NT,LC,N,2024-2
CORALS,Psammocora stellata,,VU,LC,N,2024-2
CORALS,Pseudosiderastrea tayamai,,NT,LC,N,2024-2
CORALS,Sclerophyllia maxima,,NT,VU,N,2024-2
CORALS,Seriatopora aculeata,,VU,EN,N,2024-2
CORALS,Seriatopora caliendrum,Birdsnest Coral,NT,VU,N,2024-2
CORALS,Seriatopora guttata,Bush Coral,LC,EN,N,2024-2
CORALS,Seriatopora hystrix,Thin Birdsnest Coral,LC,VU,N,2024-2
CORALS,Seriatopora stellata,,NT,EN,N,2024-2
CORALS,Stylaraea punctata,,DD,LC,N,2024-2
CORALS,Stylocoeniella cocosensis,,VU,LC,N,2024-2
CORALS,Stylophora danae,,LC,VU,N,2024-2
CORALS,Stylophora kuehlmanni,,LC,VU,N,2024-2
CORALS,Stylophora madagascarensis,,EN,VU,N,2024-2
CORALS,Stylophora mamillata,Hood Coral,LC,EN,N,2024-2
CORALS,Stylophora subseriata,,LC,EN,N,2024-2
CORALS,Stylophora wellsi,,NT,EN,N,2024-2
CORALS,Trachyphyllia geoffroyi,,NT,LC,N,2024-2
CORALS,Tubipora musica,Organ Pipe Coral,NT,LC,N,2024-2
CORALS,Turbinaria bifrons,,VU,LC,N,2024-2
CORALS,Turbinaria heronensis,,VU,LC,N,2024-2
CORALS,Turbinaria mesenterina,,VU,LC,N,2024-2
CORALS,Turbinaria patula,,VU,LC,N,2024-2
CORALS,Turbinaria radicalis,,NT,LC,N,2024-2
CORALS,Turbinaria reniformis,,VU,LC,N,2024-2
CORALS,Turbinaria stellulata,,VU,LC,N,2024-2
CORALS,Anonychonitis freyi,,NT,EN,G,2024-2
CORALS,Byrrhidium convexum,,DD,LC,N,2024-2
CORALS,Cheironitis indicus,,DD,LC,N,2024-2
CORALS,Copris capensis,,DD,LC,N,2024-2
CORALS,Copris victorini,,DD,NT,N,2024-2
CORALS,Dicranocara deschodti,,LC,VU,G,2024-2
CORALS,Hipparchia christenseni,Karpathos Grayling,EN,CR,G,2024-2
CORALS,Kretania psylorita,Cretan Argus,LC,NT,N,2024-2
CORALS,Macroderes cornutus,,DD,NT,N,2024-2
CORALS,Macroderes endroedyi,,NT,VU,N,2024-2
CORALS,Macroderes undulatus,,NT,VU,N,2024-2
CORALS,Maniola chia,Chios Meadow Brown,NT,VU,G,2024-2
CORALS,Millepora alcicornis,Branching Fire Coral,VU,EN,N,2024-1
CORALS,Millepora boschmai,,CR,DD,N,2024-2
CORALS,Millepora dichotoma,Fire Coral,LC,EN,N,2024-2
CORALS,Millepora exaesa,Fire Coral,LC,EN,N,2024-2
CORALS,Millepora foveolata,Fire Coral,VU,EN,N,2024-2
CORALS,Millepora intricata,,LC,EN,N,2024-2
CORALS,Millepora platyphylla,,LC,EN,N,2024-2
CORALS,Millepora tenera,,LC,EN,N,2024-2
CORALS,Scarabaeolus canaliculatus,,DD,LC,N,2024-2
CORALS,Sceliages gagates,,DD,LC,N,2024-2
CORALS,Zerynthia cretica,Cretan Festoon,LC,NT,N,2024-2
FLOWERING PLANTS,Afrothismia winkleri,,CR,EN,N,2024-2
FLOWERING PLANTS,Aiphanes chiribogensis,,VU,NT,N,2024-1
FLOWERING PLANTS,Allium calamarophilon,,DD,VU,N,2024-2
FLOWERING PLANTS,Allium favosum,,DD,NT,N,2024-2
FLOWERING PLANTS,Allium hymettium,,DD,LC,N,2024-2
FLOWERING PLANTS,Allium luteolum,,DD,LC,N,2024-2
FLOWERING PLANTS,Allium macedonicum,,DD,NT,N,2024-2
FLOWERING PLANTS,Allium pilosum,,DD,NT,N,2024-2
FLOWERING PLANTS,Allium pycnotrichum,,EN,NT,N,2024-2
FLOWERING PLANTS,Benstonea glaucophylla,,DD,EN,N,2024-1
FLOWERING PLANTS,Ceroxylon sasaimae,Palma de cera de Sasaima,CR,EN,N,2024-2
FLOWERING PLANTS,Chlorophytum petrophilum,,CR,NT,N,2024-1
FLOWERING PLANTS,Fritillaria davisii,Agkouráki,NT,VU,N,2024-2
FLOWERING PLANTS,Fritillaria rhodia,,NT,LC,N,2024-2
FLOWERING PLANTS,Hedyscepe canterburyana,Canterbury Umbrella Palm,VU,CR,N,2024-1
FLOWERING PLANTS,Lachenalia nutans,,LC,VU,G,2024-1
FLOWERING PLANTS,Oenocarpus circumtextus,Milpesillo de Sabana,VU,LC,N,2024-1
FLOWERING PLANTS,Pandanus joskei,,VU,NT,N,2024-2
FLOWERING PLANTS,Pandanus kedahensis,,DD,VU,N,2024-1
FLOWERING PLANTS,Pandanus taveuniensis,,VU,NT,N,2024-2
FLOWERING PLANTS,Prestoea tenuiramosa,Manacachilla,LR/nt,LC,N,2024-2
FLOWERING PLANTS,Trachyandra peculiaris,,VU,EN,N,2024-1
FLOWERING PLANTS,Wettinia hirsuta,Macana,EN,VU,N,2024-2
FLOWERING PLANTS,Acca lanuginosa,,VU,EN,N,2024-1
FLOWERING PLANTS,Adinandra integerrima,,LR/cd,LC,N,2024-1
FLOWERING PLANTS,Aequatorium jamesonii,,VU,LC,N,2024-2
FLOWERING PLANTS,Aglaia amplexicaulis,,VU,EN,N,2024-2
FLOWERING PLANTS,Aglaia angustifolia,,VU,LC,N,2024-2
FLOWERING PLANTS,Aglaia archboldiana,,VU,LC,N,2024-2
FLOWERING PLANTS,Aglaia basiphylla,,VU,LC,N,2024-2
FLOWERING PLANTS,Aglaia brassii,,VU,LC,N,2024-1
FLOWERING PLANTS,Aglaia ceramica,,VU,EN,N,2024-1
FLOWERING PLANTS,Aglaia crassinervia,,LR/nt,LC,N,2024-1
FLOWERING PLANTS,Aglaia densitricha,,CR,DD,N,2024-1
FLOWERING PLANTS,Aglaia fragilis,,VU,EN,N,2024-2
FLOWERING PLANTS,Aglaia gracilis,,CR,LC,N,2024-2
FLOWERING PLANTS,Aglaia grandis,,LR/nt,LC,N,2024-1
FLOWERING PLANTS,Aglaia korthalsii,,LR/nt,LC,N,2024-1
FLOWERING PLANTS,Aglaia leptantha,,LR/nt,LC,N,2024-1
FLOWERING PLANTS,Aglaia leucophylla,,LR/nt,LC,N,2024-1
FLOWERING PLANTS,Aglaia luzoniensis,,LR/nt,LC,N,2024-1
FLOWERING PLANTS,Aglaia meridionalis,,LR/nt,LC,N,2024-1
FLOWERING PLANTS,Aglaia monozyga,,LR/nt,LC,N,2024-1
FLOWERING PLANTS,Aglaia odorata,Homklai,LR/nt,LC,N,2024-1
FLOWERING PLANTS,Aglaia oligophylla,,LR/nt,LC,N,2024-1
FLOWERING PLANTS,Aglaia pachyphylla,,LR/nt,LC,N,2024-1
FLOWERING PLANTS,Aglaia palembanica,,LR/nt,LC,N,2024-1
FLOWERING PLANTS,Aglaia rimosa,,LR/nt,LC,N,2024-1
FLOWERING PLANTS,Aglaia rivularis,,VU,LC,N,2024-1
FLOWERING PLANTS,Aglaia rubiginosa,,LR/nt,LC,N,2024-1
FLOWERING PLANTS,Aglaia samoensis,,LR/nt,LC,N,2024-1
FLOWERING PLANTS,Aglaia sexipetala,,LR/nt,LC,N,2024-1
FLOWERING PLANTS,Aglaia silvestris,Chanchamot,LR/nt,LC,N,2024-1
FLOWERING PLANTS,Aglaia simplicifolia,,LR/nt,LC,N,2024-2
FLOWERING PLANTS,Aglaia smithii,,VU,NT,N,2024-2
FLOWERING PLANTS,Aglaia speciosa,,VU,LC,N,2024-1
FLOWERING PLANTS,Aglaia teysmanniana,,LR/nt,LC,N,2024-1
FLOWERING PLANTS,Aglaia variisquama,,VU,EN,N,2024-1
FLOWERING PLANTS,Alangium longiflorum,Soniha,VU,LC,N,2024-1
FLOWERING PLANTS,Alphonsea hainanensis,,EN,NT,N,2024-2
FLOWERING PLANTS,Alseodaphnopsis rugosa,Zhou Pi You Dan,EN,VU,N,2024-2
FLOWERING PLANTS,Alstonia penangiana,,VU,CR,N,2024-1
FLOWERING PLANTS,Amyris polymorpha,,VU,LC,N,2024-2
FLOWERING PLANTS,Aniba ferruginea,Preciosa,VU,LC,N,2024-2
FLOWERING PLANTS,Anisophyllea reticulata,,VU,DD,N,2024-1
FLOWERING PLANTS,Annona cristalensis,,VU,EN,N,2024-1
FLOWERING PLANTS,Annona ekmanii,,VU,CR,N,2024-1
FLOWERING PLANTS,Annona neoecuadorensis,,NT,EN,N,2024-2
FLOWERING PLANTS,Anthemis glaberrima,,CR,EN,N,2024-2
FLOWERING PLANTS,Apeiba intermedia,,DD,EN,N,2024-1
FLOWERING PLANTS,Arachnothryx peruviana,Cuica-panga,VU,EN,N,2024-1
FLOWERING PLANTS,Ardisia martinensis,,VU,CR,N,2024-1
FLOWERING PLANTS,Ardisia nigrovirens,,LR/nt,LC,N,2024-1
FLOWERING PLANTS,Argophyllum brevipetalum,,DD,EN,N,2024-2
FLOWERING PLANTS,Argophyllum grunowii,,DD,LC,N,2024-2
FLOWERING PLANTS,Artocarpus treculianus,,VU,LC,N,2024-2
FLOWERING PLANTS,Asteranthos brasiliensis,,LR/nt,LC,N,2024-1
FLOWERING PLANTS,Astronidium degeneri,,VU,EN,N,2024-2
FLOWERING PLANTS,Astronidium floribundum,,CR,DD,N,2024-2
FLOWERING PLANTS,Astronidium inflatum,,CR,EN,N,2024-2
FLOWERING PLANTS,Astronidium lepidotum,,CR,CR(PE),N,2024-2
FLOWERING PLANTS,Astronidium macranthum,,LR/nt,EN,N,2024-2
FLOWERING PLANTS,Astronidium storckii,,NT,LC,N,2024-2
FLOWERING PLANTS,Asyneuma giganteum,,VU,EN,G,2024-2
FLOWERING PLANTS,Ateleia gummifera,Barbinegra,EN,LC,N,2024-1
FLOWERING PLANTS,Atuna elliptica,,VU,NT,N,2024-2
FLOWERING PLANTS,Atuna travancorica,Kallankaimaram,EN,CR,N,2024-2
FLOWERING PLANTS,Axinaea nitida,,LR/nt,VU,N,2024-2
FLOWERING PLANTS,Axinaea quitensis,,NT,LC,N,2024-1
FLOWERING PLANTS,Baccaurea odoratissima,Marikau-na-Pula,VU,LC,N,2024-2
FLOWERING PLANTS,Baccaurea polyneura,,LR/cd,LC,N,2024-1
FLOWERING PLANTS,Beauprea congesta,,EN,NT,N,2024-2
FLOWERING PLANTS,Beauprea crassifolia,,VU,EN,N,2024-2
FLOWERING PLANTS,Behaimia cubensis,Ciruelillo,EN,LC,N,2024-2
FLOWERING PLANTS,Beilschmiedia preussii,,CR,EN,N,2024-1
FLOWERING PLANTS,Blakea jativae,,EN,NT,N,2024-2
FLOWERING PLANTS,Blakea pascoensis,,VU,EN,N,2024-1
FLOWERING PLANTS,Bleasdalea papuana,,EN,LC,N,2024-1
FLOWERING PLANTS,Brackenridgea palustris,Bansilai,LR/nt,LC,N,2024-1
FLOWERING PLANTS,Brunellia acostae,,VU,LC,N,2024-2
FLOWERING PLANTS,Bunchosia cauliflora,,VU,NT,N,2024-1
FLOWERING PLANTS,Bupleurum kakiskalae,,CR,EN,N,2024-2
FLOWERING PLANTS,Burretiodendron esquirolii,,VU,LC,N,2024-1
FLOWERING PLANTS,Burretiodendron tonkinense,,EN,NT,N,2024-2
FLOWERING PLANTS,Buxus citrifolia,Aceitunillo,LR/nt,LC,N,2024-2
FLOWERING PLANTS,Calophyllum bifurcatum,,VU,CR,N,2024-1
FLOWERING PLANTS,Calophyllum macrophyllum,,VU,CR,N,2024-1
FLOWERING PLANTS,Calpocalyx atlanticus,,VU,EN,N,2024-1
FLOWERING PLANTS,Calycorectes wurdackii,,VU,CR,N,2024-1
FLOWERING PLANTS,Campanula asperuloides,Bellflower,DD,VU,N,2024-2
FLOWERING PLANTS,Campomanesia speciosa,,LR/nt,LC,N,2024-1
FLOWERING PLANTS,Caraipa jaramilloi,Brea Caspi de Altura,LR/nt,VU,N,2024-1
FLOWERING PLANTS,Carapa megistocarpa,,EN,LC,N,2024-2
FLOWERING PLANTS,Casearia flavovirens,Rasakudu,VU,LC,N,2024-1
FLOWERING PLANTS,Cassia aubrevillei,,VU,EN,N,2024-2
FLOWERING PLANTS,Castanopsis nephelioides,,VU,NT,N,2024-2
FLOWERING PLANTS,Cecropia maxima,Guarumo,VU,LC,N,2024-2
FLOWERING PLANTS,Cecropia pastasana,,NT,LC,N,2024-1
FLOWERING PLANTS,Celtis luzonica,Biempai,VU,LC,N,2024-1
FLOWERING PLANTS,Celtis trinervia,,DD,LC,E,2024-2
FLOWERING PLANTS,Centronia laurifolia,,VU,LC,N,2024-1
FLOWERING PLANTS,Chionanthus ramiflorus,,DD,LC,N,2024-2
FLOWERING PLANTS,Chionanthus wurdackii,,VU,EN,N,2024-1
FLOWERING PLANTS,Chrysophyllum lanatum,,EN,LC,N,2024-1
FLOWERING PLANTS,Cinnamodendron cubense,Canela,EN,CR,N,2024-2
FLOWERING PLANTS,Cinnamomum osmophloeum,,VU,NT,N,2024-2
FLOWERING PLANTS,Cinnamomum reticulatum,,VU,NT,N,2024-1
FLOWERING PLANTS,Clavija jelskii,,VU,CR,N,2024-1
FLOWERING PLANTS,Clavija longifolia,,LR/nt,LC,N,2024-1
FLOWERING PLANTS,Cleidiocarpon cavaleriei,Hudieguo,VU,NT,N,2024-2
FLOWERING PLANTS,Cleidiocarpon laurinum,,EN,LC,N,2024-2
FLOWERING PLANTS,Cleistanthus bracteosus,,VU,NT,N,2024-1
FLOWERING PLANTS,Cleistanthus glandulosus,,VU,EN,N,2024-1
FLOWERING PLANTS,Cleistanthus kingii,,LR/cd,VU,N,2024-1
FLOWERING PLANTS,Cleistanthus lanuginosus,,LR/cd,VU,N,2024-1
FLOWERING PLANTS,Cleistanthus membranaceus,,LR/nt,EN,N,2024-1
FLOWERING PLANTS,Cleistanthus parvifolius,,VU,CR,N,2024-1
FLOWERING PLANTS,Cleistanthus petelotii,,VU,LC,N,2024-1
FLOWERING PLANTS,Clibadium manabiense,,VU,LC,N,2024-2
FLOWERING PLANTS,Clusia carinata,,VU,EN,N,2024-1
FLOWERING PLANTS,Clusia osseocarpa,,VU,LC,N,2024-2
FLOWERING PLANTS,Cnidoscolus matosii,Sabrosa,EN,CR,N,2024-1
FLOWERING PLANTS,Coccoloba retirensis,,CR,CR(PE),N,2024-2
FLOWERING PLANTS,Colona poilanei,,LR/nt,EN,N,2024-2
FLOWERING PLANTS,Condaminea glabrata,,VU,CR,N,2024-1
FLOWERING PLANTS,Condaminea microcarpa,,VU,CR,N,2024-1
FLOWERING PLANTS,Connarus agamae,,VU,EN,N,2024-1
FLOWERING PLANTS,Convolvulus argyrothamnos,,CR,EN,N,2024-2
FLOWERING PLANTS,Copaifera epunctata,,VU,EN,N,2024-1
FLOWERING PLANTS,Copiapoa calderana,,LC,VU,N,2024-1
FLOWERING PLANTS,Copiapoa echinoides,Duro,NT,VU,G,2024-1
FLOWERING PLANTS,Copiapoa fiedleriana,,EN,VU,N,2024-1
FLOWERING PLANTS,Copiapoa humilis,,NT,EN,N,2024-1
FLOWERING PLANTS,Copiapoa marginata,Copiapoa de Bridges,NT,VU,N,2024-1
FLOWERING PLANTS,Copiapoa megarhiza,Cacto Raizon,VU,EN,N,2024-1
FLOWERING PLANTS,Copiapoa montana,,LC,EN,N,2024-1
FLOWERING PLANTS,Copiapoa solaris,,EN,CR,G,2024-1
FLOWERING PLANTS,Cordia valenzuelana,Ateje hembra,VU,EN,N,2024-2
FLOWERING PLANTS,Cotylelobium scabriusculum,Na-mendora,CR,EN,N,2024-1
FLOWERING PLANTS,Coussarea klugii,Yantanim,DD,LC,N,2024-1
FLOWERING PLANTS,Craigia yunnanensis,Diantong,EN,VU,N,2024-1
FLOWERING PLANTS,Crepinella weberbaueri,,DD,LC,N,2024-1
FLOWERING PLANTS,Critoniopsis tungurahuae,,NT,VU,N,2024-2
FLOWERING PLANTS,Cryptocarya wightiana,,VU,LC,N,2024-2
FLOWERING PLANTS,Cupania riopalenquensis,,CR,EN,N,2024-2
FLOWERING PLANTS,Cynometra cubensis,,EN,LC,N,2024-2
FLOWERING PLANTS,Cyrtandra natewaensis,,VU,EN,N,2024-2
FLOWERING PLANTS,Cyrtandra spathacea,,VU,CR,N,2024-2
FLOWERING PLANTS,Cyrtandra taviunensis,,VU,CR,N,2024-2
FLOWERING PLANTS,Cyrtandra tempestii,,VU,CR,N,2024-2
FLOWERING PLANTS,Decazyx macrophyllus,,EN,VU,N,2024-2
FLOWERING PLANTS,Degeneria roseiflora,,LR/nt,DD,N,2024-2
FLOWERING PLANTS,Delpydora macrophylla,,VU,LC,N,2024-2
FLOWERING PLANTS,Dendropanax alberti-smithii,,VU,LC,N,2024-1
FLOWERING PLANTS,Dendropanax lancifolius,,VU,DD,N,2024-1
FLOWERING PLANTS,Dendrophorbium tipocochense,,NT,LC,N,2024-1
FLOWERING PLANTS,Deutzianthus tonkinensis,,LR/nt,LC,N,2024-1
FLOWERING PLANTS,Dialium cochinchinense,Velvet Tamarind,LR/nt,LC,N,2024-1
FLOWERING PLANTS,Diospyros benstonei,,CR,DD,N,2024-1
FLOWERING PLANTS,Diplodiscus scortechinii,,LR/cd,EN,N,2024-1
FLOWERING PLANTS,Dipterocarpus glandulosus,Dorana,CR,EN,N,2024-1
FLOWERING PLANTS,Dipterocarpus insignis,Weli-dorana,CR,EN,N,2024-1
FLOWERING PLANTS,Dipterocarpus zeylanicus,Hora,EN,NT,N,2024-1
FLOWERING PLANTS,Doerpfeldia cubensis,Bruja negra,EN,CR,N,2024-2
FLOWERING PLANTS,Dombeya acutangula,Bois Bete,CR,LC,N,2024-2
FLOWERING PLANTS,Drypetes perakensis,,VU,DD,N,2024-1
FLOWERING PLANTS,Dulacia crassa,,VU,DD,N,2024-1
FLOWERING PLANTS,Dysoxylum angustifolium,,VU,DD,N,2024-1
FLOWERING PLANTS,Elaeocarpus cordifolius,,LR/cd,LC,N,2024-1
FLOWERING PLANTS,Elaeocarpus miriensis,,VU,EN,N,2024-2
FLOWERING PLANTS,Elaeocarpus recurvatus,Naikotta,VU,EN,G,2024-1
FLOWERING PLANTS,Elaeocarpus rugosus,,VU,LC,N,2024-1
FLOWERING PLANTS,Elattostachys erythrocarpa,,VU,CR,N,2024-1
FLOWERING PLANTS,Endocomia rufirachis,,LR/nt,LC,N,2024-1
FLOWERING PLANTS,Eriotheca peruviana,,VU,CR,N,2024-2
FLOWERING PLANTS,Eschweilera fanshawei,,VU,CR,N,2024-1
FLOWERING PLANTS,Eschweilera potaroensis,Monkey Pot,DD,EN,N,2024-1
FLOWERING PLANTS,Eschweilera squamata,,VU,EN,N,2024-1
FLOWERING PLANTS,Esenbeckia alata,Cuala,EN,LC,N,2024-2
FLOWERING PLANTS,Eugenia aceitillo,Aceitillo,EN,LC,N,2024-2
FLOWERING PLANTS,Eugenia albida,Arrayán,CR,DD,N,2024-1
FLOWERING PLANTS,Eugenia discors,,VU,CR,N,2024-1
FLOWERING PLANTS,Eugenia ekmanii,,VU,EN,N,2024-1
FLOWERING PLANTS,Eugenia excisa,,EN,LC,N,2024-2
FLOWERING PLANTS,Eugenia hexovulata,,VU,CR,N,2024-1
FLOWERING PLANTS,Eugenia longicuspis,,VU,EN,N,2024-1
FLOWERING PLANTS,Eugenia micranthoides,,VU,CR,N,2024-1
FLOWERING PLANTS,Eugenia salamensis,Fruta de Pava,EN,LC,N,2024-1
FLOWERING PLANTS,Eugenia schunkei,Guayabilla,VU,EN,N,2024-1
FLOWERING PLANTS,Eugenia woodburyana,Woodbury’s Stopper,CR,VU,N,2024-2
FLOWERING PLANTS,Euonymus glandulosus,,LR/cd,LC,N,2024-2
FLOWERING PLANTS,Euplassa pinnata,Loura faia,VU,LC,N,2024-1
FLOWERING PLANTS,Faramea exemplaris,Comida de Sardina,VU,LC,N,2024-1
FLOWERING PLANTS,Ficus ulmifolia,,VU,LC,N,2024-1
FLOWERING PLANTS,Freziera angulosa,,VU,EN,N,2024-1
FLOWERING PLANTS,Freziera ferruginea,,VU,EN,N,2024-1
FLOWERING PLANTS,Freziera incana,,VU,NT,N,2024-1
FLOWERING PLANTS,Freziera monzonensis,,DD,CR,N,2024-1
FLOWERING PLANTS,Freziera spathulifolia,,EN,CR,N,2024-1
FLOWERING PLANTS,Freziera suberosa,Cucharo,VU,LC,N,2024-2
FLOWERING PLANTS,Frodinia gleasonii,Yagrumillo,VU,EN,N,2024-2
FLOWERING PLANTS,Gardenia anapetes,,CR,EN,N,2024-2
FLOWERING PLANTS,Gardenia gordonii,,LR/nt,LC,N,2024-2
FLOWERING PLANTS,Gardenia hillii,,VU,EN,N,2024-2
FLOWERING PLANTS,Gardenia storckii,Mbolovatu,LR/nt,LC,N,2024-2
FLOWERING PLANTS,Gardenia vitiensis,Ndrenga,CR,EN,N,2024-2
FLOWERING PLANTS,Geissois imthurnii,,EN,LC,N,2024-2
FLOWERING PLANTS,Geissois stipularis,,EN,LC,N,2024-2
FLOWERING PLANTS,Geissois superba,,VU,LC,N,2024-2
FLOWERING PLANTS,Geniostoma stipulare,,EN,LC,N,2024-2
FLOWERING PLANTS,Genista parnassica,,DD,NT,N,2024-2
FLOWERING PLANTS,Glochidion stylosum,,VU,DD,N,2024-2
FLOWERING PLANTS,Gluta capituliflora,Rengas Kerbau Jalang,LR/lc,NT,N,2024-1
FLOWERING PLANTS,Gluta lanceolata,Rengas,LR/lc,NT,N,2024-1
FLOWERING PLANTS,Glycosmis perakensis,,VU,DD,N,2024-1
FLOWERING PLANTS,Goniothalamus gardneri,,EN,VU,N,2024-1
FLOWERING PLANTS,Goniothalamus salicinus,,VU,EN,N,2024-1
FLOWERING PLANTS,Gordonia curtyana,,CR,EN,N,2024-2
FLOWERING PLANTS,Graffenrieda caudata,,VU,LC,N,2024-2
FLOWERING PLANTS,Graffenrieda trichanthera,,VU,EN,N,2024-1
FLOWERING PLANTS,Grias longirachis,,EN,CR,N,2024-2
FLOWERING PLANTS,Grias multinervia,Pacora,VU,LC,N,2024-2
FLOWERING PLANTS,Grosvenoria rimbachii,,VU,LC,N,2024-2
FLOWERING PLANTS,Guarea casimiriana,,VU,CR,N,2024-1
FLOWERING PLANTS,Guarea convergens,,VU,LC,N,2024-2
FLOWERING PLANTS,Guarea velutina,Colomofi,VU,LC,N,2024-2
FLOWERING PLANTS,Guioa multijuga,,VU,EN,N,2024-1
FLOWERING PLANTS,Gustavia dodsonii,Máli,EN,VU,N,2024-2
FLOWERING PLANTS,Gyminda orbicularis,,VU,EN,N,2024-2
FLOWERING PLANTS,Gynoxys baccharoides,,VU,LC,N,2024-1
FLOWERING PLANTS,Hampea reynae,Majagua,VU,EN,N,2024-1
FLOWERING PLANTS,Hampea sphaerocarpa,,EN,VU,N,2024-2
FLOWERING PLANTS,Harpalyce maisiana,,VU,CR,N,2024-2
FLOWERING PLANTS,Hedyosmum purpurascens,Toronjil,VU,NT,N,2024-2
FLOWERING PLANTS,Helicostylis heterotricha,Leche de Cabra,EN,LC,N,2024-2
FLOWERING PLANTS,Helietta glaucescens,Fragante,EN,VU,Non-genuien,2024-2
FLOWERING PLANTS,Henriettea membranifolia,Camasey,CR,EX,N,2024-2
FLOWERING PLANTS,Henriettea punctata,,VU,CR,N,2024-2
FLOWERING PLANTS,Henriettea squamata,,VU,LC,N,2024-2
FLOWERING PLANTS,Hernandia cubensis,,CR,CR(PE),N,2024-2
FLOWERING PLANTS,Herrania balaensis,Cacaito de Monte,EN,LC,N,2024-2
FLOWERING PLANTS,Hieronyma clusioides,Cedro Macho,DD,LC,N,2024-2
FLOWERING PLANTS,Hopea brevipetiolaris,,CR,EN,N,2024-1
FLOWERING PLANTS,Hopea modesta,,CR,VU,N,2024-1
FLOWERING PLANTS,Horsfieldia ardisiifolia,Talatab,VU,NT,N,2024-2
FLOWERING PLANTS,Horsfieldia borneensis,,VU,LC,N,2024-1
FLOWERING PLANTS,Horsfieldia superba,,LR/nt,LC,N,2024-1
FLOWERING PLANTS,Humboldtia bourdillonii,Adimundan,EN,VU,N,2024-2
FLOWERING PLANTS,Hymenaea torrei,Caguairán,VU,EN,N,2024-2
FLOWERING PLANTS,Ilex spruceana,,LR/nt,LC,N,2024-1
FLOWERING PLANTS,Inga amboroensis,,VU,DD,N,2024-1
FLOWERING PLANTS,Inga calanthoides,,VU,LC,N,2024-1
FLOWERING PLANTS,Inga leptingoides,,VU,LC,N,2024-2
FLOWERING PLANTS,Inga neblinensis,,VU,LC,N,2024-2
FLOWERING PLANTS,Ipomoea pulcherrima,,VU,CR,N,2024-1
FLOWERING PLANTS,Iryanthera obovata,Mamita,VU,LC,N,2024-2
FLOWERING PLANTS,Jacaranda arborea,Abey de monte malo,VU,LC,N,2024-2
FLOWERING PLANTS,Joosia longisepala,,VU,EN,N,2024-2
FLOWERING PLANTS,Joosia macrocalyx,,VU,EN,N,2024-2
FLOWERING PLANTS,Joosia standleyana,,EN,VU,N,2024-2
FLOWERING PLANTS,Juttadinteria simpsonii,,LC,CR,N,2024-1
FLOWERING PLANTS,Kielmeyera peruviana,,VU,CR,N,2024-1
FLOWERING PLANTS,Knema emmae,,VU,EN,N,2024-1
FLOWERING PLANTS,Knema intermedia,,LR/nt,LC,N,2024-1
FLOWERING PLANTS,Knema mogeana,,VU,LC,N,2024-1
FLOWERING PLANTS,Knema pubiflora,,LR/nt,EN,N,2024-1
FLOWERING PLANTS,Knema uliginosa,,VU,CR,N,2024-1
FLOWERING PLANTS,Kopsia larutensis,,DD,VU,N,2024-1
FLOWERING PLANTS,Kopsia profunda,,DD,VU,N,2024-1
FLOWERING PLANTS,Kostermanthus malayanus,,EN,DD,N,2024-1
FLOWERING PLANTS,Kutchubaea montana,,VU,LC,N,2024-1
FLOWERING PLANTS,Labramia ankaranaensis,,LC,VU,N,2024-1
FLOWERING PLANTS,Labramia platanoides,,NT,VU,N,2024-1
FLOWERING PLANTS,Ladenbergia ferruginea,,VU,DD,N,2024-1
FLOWERING PLANTS,Ladenbergia stenocarpa,Owetawe,VU,LC,N,2024-1
FLOWERING PLANTS,Lithocarpus crassinervius,,EN,NT,N,2024-2
FLOWERING PLANTS,Lithocarpus indutus,,VU,NT,N,2024-2
FLOWERING PLANTS,Lithops optica,,NT,CR,G,2024-1
FLOWERING PLANTS,Litsea glaberrima,,EN,NT,N,2024-2
FLOWERING PLANTS,Lonchocarpus yoroensis,,CR,VU,N,2024-2
FLOWERING PLANTS,Lunania cubensis,Lunania,VU,LC,N,2024-2
FLOWERING PLANTS,Macaranga grandifolia,Abing-abing,VU,NT,N,2024-2
FLOWERING PLANTS,Madhuca oblongifolia,,VU,EN,N,2024-2
FLOWERING PLANTS,Magnolia banghamii,,DD,CR,N,2024-1
FLOWERING PLANTS,Magnolia duperreana,,DD,VU,N,2024-1
FLOWERING PLANTS,Mangifera blommesteinii,,EN,VU,N,2024-1
FLOWERING PLANTS,Mangifera dewildei,,VU,EN,N,2024-1
FLOWERING PLANTS,Mangifera lalijiwa,,DD,VU,N,2024-1
FLOWERING PLANTS,Mangifera macrocarpa,,VU,DD,N,2024-1
FLOWERING PLANTS,Mangifera orophila,,VU,LC,N,2024-1
FLOWERING PLANTS,Mangifera pajang,,VU,DD,N,2024-1
FLOWERING PLANTS,Mangifera pedicellata,,VU,DD,N,2024-1
FLOWERING PLANTS,Mangifera similis,,VU,LC,N,2024-1
FLOWERING PLANTS,Mangifera superba,Binjai,EN,VU,N,2024-1
FLOWERING PLANTS,Manilkara bolivarensis,,VU,LC,N,2024-2
FLOWERING PLANTS,Manilkara pleeana,Acana,VU,NT,N,2024-2
FLOWERING PLANTS,Manilkara pubicarpa,,VU,CR,N,2024-1
FLOWERING PLANTS,Marila saramaccana,,VU,DD,N,2024-1
FLOWERING PLANTS,Marila spiciformis,,VU,CR,N,2024-1
FLOWERING PLANTS,Marlothiella gummifera,,LC,EN,G,2024-1
FLOWERING PLANTS,Mastixia macrocarpa,,VU,EN,N,2024-1
FLOWERING PLANTS,Matisia alata,Castaño,EN,NT,N,2024-2
FLOWERING PLANTS,Matisia stenopetala,,VU,NT,N,2024-2
FLOWERING PLANTS,Mauria membranifolia,Colorado,EN,VU,N,2024-2
FLOWERING PLANTS,Melanochyla fasciculiflora,,VU,CR,N,2024-1
FLOWERING PLANTS,Melanochyla longipetiolata,,VU,EN,N,2024-1
FLOWERING PLANTS,Melanochyla nitida,,LR/lc,EN,N,2024-1
FLOWERING PLANTS,Meliosma sirensis,,VU,EN,N,2024-2
FLOWERING PLANTS,Meliosma youngii,,VU,CR,N,2024-2
FLOWERING PLANTS,Meriania acostae,,EN,VU,N,2024-2
FLOWERING PLANTS,Meriania pastazana,,VU,LC,N,2024-2
FLOWERING PLANTS,Miconia aligera,,VU,EN,N,2024-1
FLOWERING PLANTS,Miconia bailloniana,,LR/nt,VU,N,2024-2
FLOWERING PLANTS,Miconia bipatrialis,,VU,LC,N,2024-2
FLOWERING PLANTS,Miconia brevistylis,,VU,EN,N,2024-1
FLOWERING PLANTS,Miconia caudatifolia,,NT,LC,N,2024-2
FLOWERING PLANTS,Miconia demissifolia,,VU,EN,N,2024-1
FLOWERING PLANTS,Miconia ecuadorensis,,CR,LC,N,2024-1
FLOWERING PLANTS,Miconia elegantissima,,VU,LC,N,2024-2
FLOWERING PLANTS,Miconia gibba,,VU,LC,N,2024-2
FLOWERING PLANTS,Miconia griffisii,,VU,CR,N,2024-2
FLOWERING PLANTS,Miconia lachnoclada,,VU,EN,N,2024-1
FLOWERING PLANTS,Miconia lugonis,,NT,LC,N,2024-2
FLOWERING PLANTS,Microcos globulifera,,VU,LC,N,2024-1
FLOWERING PLANTS,Microcos laurifolia,,LR/cd,LC,N,2024-1
FLOWERING PLANTS,Micropholis garciniifolia,Caimitillo,LR/nt,EN,N,2024-2
FLOWERING PLANTS,Microtropis fascicularis,,VU,NT,N,2024-2
FLOWERING PLANTS,Mitrephora wangii,,VU,NT,N,2024-1
FLOWERING PLANTS,Monocyclanthus vignei,,EN,VU,N,2024-1
FLOWERING PLANTS,Monoon acuminatum,Inipettu,VU,LC,N,2024-1
FLOWERING PLANTS,Monoon fuscum,,LR/nt,LC,N,2024-2
FLOWERING PLANTS,Monteverdia ponceana,Ponce Mayten,VU,EN,N,2024-2
FLOWERING PLANTS,Moquilea megalophylla,,EN,VU,N,2024-2
FLOWERING PLANTS,Moquilea vasquezii,,VU,DD,N,2024-2
FLOWERING PLANTS,Myracrodruon urundeuva,Aroeira,DD,LC,N,2024-1
FLOWERING PLANTS,Myrcia adunca,,EN,CR,N,2024-2
FLOWERING PLANTS,Myrcia almasensis,,VU,EN,N,2024-1
FLOWERING PLANTS,Myrcia polyneura,,VU,CR,N,2024-2
FLOWERING PLANTS,Myrcianthes oreophila,llnca,VU,LC,N,2024-1
FLOWERING PLANTS,Myristica alba,,VU,EN,N,2024-1
FLOWERING PLANTS,Myristica atrescens,,VU,DD,N,2024-1
FLOWERING PLANTS,Myristica kjellbergii,,VU,LC,N,2024-2
FLOWERING PLANTS,Myristica magnifica,Kotthapanu,EN,VU,N,2024-2
FLOWERING PLANTS,Myristica perlaevis,,VU,LC,N,2024-2
FLOWERING PLANTS,Myristica pubicarpa,,VU,EN,N,2024-2
FLOWERING PLANTS,Myristica robusta,,VU,CR,N,2024-2
FLOWERING PLANTS,Myristica tamrauensis,,VU,LC,N,2024-2
FLOWERING PLANTS,Myrsine bullata,,VU,DD,N,2024-1
FLOWERING PLANTS,Myrsine reynelii,,VU,EN,N,2024-1
FLOWERING PLANTS,Myrsine rivularis,,VU,DD,N,2024-1
FLOWERING PLANTS,Namibia cinerea,,NT,EN,G,2024-1
FLOWERING PLANTS,Nectandra bartlettiana,Laurel Macanillo,LR/nt,VU,N,2024-2
FLOWERING PLANTS,Nectandra minima,Boniato Amarillo,CR,LC,N,2024-1
FLOWERING PLANTS,Neea ekmanii,,EN,CR,N,2024-2
FLOWERING PLANTS,Neolitsea daibuensis,,EN,NT,N,2024-1
FLOWERING PLANTS,Neuburgia macroloba,,EN,LC,N,2024-2
FLOWERING PLANTS,Nymphaea thermarum,,EW,CR,N,2024-1
FLOWERING PLANTS,Oreopanax corazonensis,,EN,VU,N,2024-2
FLOWERING PLANTS,Oreopanax grandifolius,,NT,VU,N,2024-2
FLOWERING PLANTS,Oreopanax hedraeostrobilus,,VU,NT,N,2024-2
FLOWERING PLANTS,Oreopanax obscurus,,VU,EN,N,2024-2
FLOWERING PLANTS,Oreopanax sanderianus,,VU,LC,N,2024-1
FLOWERING PLANTS,Oreopanax sessiliflorus,,VU,NT,N,2024-2
FLOWERING PLANTS,Ovieda calcicola,,VU,EN,N,2024-2
FLOWERING PLANTS,Palaquium luzoniense,Red Nato,VU,LC,N,2024-2
FLOWERING PLANTS,Palicourea anianguana,,VU,EN,N,2024-2
FLOWERING PLANTS,Palicourea herrerae,Samiruco Sacha,VU,LC,N,2024-1
FLOWERING PLANTS,Palicourea latifolia,,VU,LC,N,2024-2
FLOWERING PLANTS,Parkia parvifoliola,,VU,EN,N,2024-1
FLOWERING PLANTS,Parsonsia macrophylla,,NT,LC,N,2024-2
FLOWERING PLANTS,Parsonsia terminaliifolia,,EN,LC,N,2024-2
FLOWERING PLANTS,Payena maingayi,,LR/lc,VU,G,2024-1
FLOWERING PLANTS,Pentagonia involucrata,,EN,VU,N,2024-2
FLOWERING PLANTS,Pentagonia rubriflora,Sananguillo,DD,CR,N,2024-1
FLOWERING PLANTS,Pentaspadon motleyi,,DD,LC,N,2024-1
FLOWERING PLANTS,Peritassa killipii,,VU,EN,N,2024-1
FLOWERING PLANTS,Phyllanthus heterodoxus,,DD,LC,N,2024-2
FLOWERING PLANTS,Picramnia bullata,,VU,CR,N,2024-1
FLOWERING PLANTS,Pimenta filipes,Limonicillo,VU,EN,N,2024-2
FLOWERING PLANTS,Pimenta odiolens,Palo De Cincha,VU,LC,N,2024-2
FLOWERING PLANTS,Pimenta oligantha,,VU,EN,N,2024-2
FLOWERING PLANTS,Pimenta podocarpoides,,EN,CR,N,2024-2
FLOWERING PLANTS,Piper baezanum,,CR,EN,N,2024-2
FLOWERING PLANTS,Pisonia ekmanii,Chicharrón sapo,EN,CR,N,2024-2
FLOWERING PLANTS,Pistacia weinmanniifolia,,DD,LC,N,2024-1
FLOWERING PLANTS,Plerandra costata,,VU,LC,N,2024-2
FLOWERING PLANTS,Polyalthiopsis verrucipes,you ye mu,EN,CR,N,2024-1
FLOWERING PLANTS,Polylepis hieronymi,,VU,EN,N,2024-1
FLOWERING PLANTS,Polylepis incana,,VU,LC,N,2024-1
FLOWERING PLANTS,Polylepis lanuginosa,,VU,EN,N,2024-1
FLOWERING PLANTS,Polylepis microphylla,,VU,EN,N,2024-1
FLOWERING PLANTS,Polylepis multijuga,,VU,EN,N,2024-1
FLOWERING PLANTS,Polylepis neglecta,,VU,EN,N,2024-1
FLOWERING PLANTS,Polylepis pauta,,VU,EN,N,2024-1
FLOWERING PLANTS,Polylepis pepei,,VU,EN,N,2024-1
FLOWERING PLANTS,Polylepis racemosa,Cceuña,VU,DD,N,2024-1
FLOWERING PLANTS,Polylepis reticulata,,VU,EN,N,2024-1
FLOWERING PLANTS,Polylepis rugulosa,,VU,NT,N,2024-1
FLOWERING PLANTS,Polylepis subsericans,Q’euña,VU,EN,N,2024-1
FLOWERING PLANTS,Polylepis weberbaueri,,VU,NT,N,2024-1
FLOWERING PLANTS,Pourouma oraria,,VU,LC,N,2024-1
FLOWERING PLANTS,Pouteria aristata,Chicharrón manajú,VU,EN,N,2024-2
FLOWERING PLANTS,Pouteria bonneriana,,VU,EN,N,2024-1
FLOWERING PLANTS,Pouteria bracteata,,EN,LC,N,2024-2
FLOWERING PLANTS,Pouteria gabrielensis,Abiurana,LR/nt,LC,N,2024-2
FLOWERING PLANTS,Pouteria gracilis,,VU,LC,N,2024-1
FLOWERING PLANTS,Pouteria micrantha,Sapotillo,EN,CR,N,2024-2
FLOWERING PLANTS,Pouteria penicillata,,VU,CR,N,2024-1
FLOWERING PLANTS,Pouteria pisquiensis,,VU,CR,N,2024-1
FLOWERING PLANTS,Pouteria sessilis,,VU,CR,N,2024-1
FLOWERING PLANTS,Pouteria tarapotensis,,LR/nt,LC,N,2024-1
FLOWERING PLANTS,Prunus clementis,Bacad,LR/nt,EN,N,2024-2
FLOWERING PLANTS,Prunus laxinervis,,VU,NT,N,2024-1
FLOWERING PLANTS,Psychotria cathetoneura,,VU,EN,N,2024-2
FLOWERING PLANTS,Psychotria chimboracensis,,NT,LC,N,2024-1
FLOWERING PLANTS,Psychotria woytkowskii,Cunshi-cashan,VU,DD,N,2024-1
FLOWERING PLANTS,Psydrax dicoccos,,VU,LC,N,2024-1
FLOWERING PLANTS,Pteronia spinulosa,,LC,VU,G,2024-1
FLOWERING PLANTS,Qualea calantha,,VU,DD,N,2024-1
FLOWERING PLANTS,Qualea impexa,,VU,CR,N,2024-1
FLOWERING PLANTS,Quararibea grandifolia,,EN,LC,N,2024-2
FLOWERING PLANTS,Quararibea velutina,Machinnaccha,VU,CR,N,2024-2
FLOWERING PLANTS,Rinorea pectino-squamata,,VU,LC,N,2024-1
FLOWERING PLANTS,Ruagea membranacea,,VU,EN,N,2024-2
FLOWERING PLANTS,Rudgea obesiflora,Kedendenbiwi,VU,LC,N,2024-1
FLOWERING PLANTS,Rustia bilsana,,EN,CR,N,2024-2
FLOWERING PLANTS,Sarcaulus wurdackii,,VU,CR,N,2024-1
FLOWERING PLANTS,Sarcomphalus havanensis,Bruja,EN,NT,N,2024-1
FLOWERING PLANTS,Sassafras randaiense,,VU,NT,N,2024-2
FLOWERING PLANTS,Saurauia adenodonta,,NT,LC,N,2024-2
FLOWERING PLANTS,Saurauia mahmudii,,LR/cd,LC,N,2024-1
FLOWERING PLANTS,Saurauia malayana,,LR/cd,LC,N,2024-1
FLOWERING PLANTS,Saurauia rubens,,LR/nt,LC,N,2024-1
FLOWERING PLANTS,Saurauia schultzeorum,,NT,EN,N,2024-2
FLOWERING PLANTS,Schmardaea microphylla,Carachugo,VU,LC,N,2024-2
FLOWERING PLANTS,Schoutenia kunstleri,,VU,LC,N,2024-1
FLOWERING PLANTS,Sciodaphyllum diplodactylum,,VU,LC,N,2024-2
FLOWERING PLANTS,Scolopia oreophila,,DD,VU,N,2024-1
FLOWERING PLANTS,Sebastiania glandulosa,Chechem Blanco,VU,LC,N,2024-1
FLOWERING PLANTS,Serianthes vitiensis,,VU,EN,N,2024-2
FLOWERING PLANTS,Shorea affinis,Beraliya-dun,EN,VU,N,2024-1
FLOWERING PLANTS,Shorea congestiflora,Thinniya,CR,VU,N,2024-1
FLOWERING PLANTS,Shorea cordifolia,Red doon,CR,VU,N,2024-1
FLOWERING PLANTS,Shorea disticha,,EN,VU,N,2024-1
FLOWERING PLANTS,Shorea dyeri,Nawara-dun,EN,VU,N,2024-1
FLOWERING PLANTS,Shorea gardneri,Red doon,CR,VU,N,2024-1
FLOWERING PLANTS,Shorea lissophylla,Gal-pana mora,CR,VU,N,2024-1
FLOWERING PLANTS,Shorea megistophylla,Honda-beraliya,CR,VU,N,2024-1
FLOWERING PLANTS,Shorea oblongifolia,Pana-mora,CR,VU,N,2024-1
FLOWERING PLANTS,Shorea pallescens,Ratu-dun,CR,EN,N,2024-1
FLOWERING PLANTS,Shorea stipularis,,CR,VU,N,2024-1
FLOWERING PLANTS,Shorea trapezifolia,Yakahalu,CR,VU,N,2024-1
FLOWERING PLANTS,Shorea worthingtonii,Beraliya,EN,VU,N,2024-1
FLOWERING PLANTS,Shorea zeylanica,Dun,CR,EN,N,2024-1
FLOWERING PLANTS,Simira standleyi,Manglillo,CR,EN,N,2024-2
FLOWERING PLANTS,Simira wurdackii,Shambosisa,VU,LC,N,2024-1
FLOWERING PLANTS,Sindora inermis,,VU,EN,N,2024-1
FLOWERING PLANTS,Siparuna croatii,,VU,LC,N,2024-1
FLOWERING PLANTS,Siparuna guajalitensis,,VU,LC,N,2024-2
FLOWERING PLANTS,Solanum fallax,,LR/nt,LC,N,2024-2
FLOWERING PLANTS,Sorbus anglica,English Whitebeam,NT,VU,N,2024-2
FLOWERING PLANTS,Spiraeanthemum graeffei,,EN,LC,N,2024-2
FLOWERING PLANTS,Spiraeanthemum serratum,,EN,LC,N,2024-2
FLOWERING PLANTS,Spirotecoma apiculata,Azufre,VU,LC,N,2024-1
FLOWERING PLANTS,Spirotecoma holguinensis,Roble-cera,EN,LC,N,2024-1
FLOWERING PLANTS,Stemonoporus acuminatus,,EN,VU,N,2024-1
FLOWERING PLANTS,Stemonoporus bullatus,,EN,CR,N,2024-1
FLOWERING PLANTS,Stemonoporus canaliculatus,,CR,EN,N,2024-1
FLOWERING PLANTS,Stemonoporus elegans,,CR,EN,N,2024-1
FLOWERING PLANTS,Stemonoporus gardneri,Hal,EN,VU,N,2024-1
FLOWERING PLANTS,Stemonoporus laevifolius,,EN,CR,N,2024-1
FLOWERING PLANTS,Stemonoporus lancifolius,,CR,EN,N,2024-1
FLOWERING PLANTS,Stemonoporus nitidus,,CR,CR(PE),N,2024-1
FLOWERING PLANTS,Stemonoporus petiolaris,,CR,EN,N,2024-1
FLOWERING PLANTS,Stemonoporus scaphifolius,,EN,CR,N,2024-1
FLOWERING PLANTS,Stenostomum portoricense,Puerto Rico Quina,VU,EN,N,2024-2
FLOWERING PLANTS,Stenostomum radiatum,,VU,EN,N,2024-2
FLOWERING PLANTS,Stilpnophyllum grandifolium,,EN,NT,N,2024-2
FLOWERING PLANTS,Styrax tafelbergensis,,VU,LC,N,2024-2
FLOWERING PLANTS,Swartzia rediviva,,VU,CR,N,2024-1
FLOWERING PLANTS,Swintonia spicifera,Kerete,LR/lc,NT,N,2024-1
FLOWERING PLANTS,Symplocos peruviana,,VU,LC,N,2024-2
FLOWERING PLANTS,Synapsis ilicifolia,Chicharrón,EN,CR,G,2024-2
FLOWERING PLANTS,Syzygium amplifolium,,VU,LC,N,2024-2
FLOWERING PLANTS,Syzygium caryophyllatum,Cherujara,EN,VU,N,2024-1
FLOWERING PLANTS,Syzygium conglomeratum,,VU,LC,N,2024-1
FLOWERING PLANTS,Syzygium manii,,CR,DD,N,2024-1
FLOWERING PLANTS,Syzygium minus,,EN,DD,N,2024-2
FLOWERING PLANTS,Syzygium phaeophyllum,,CR,LC,N,2024-2
FLOWERING PLANTS,Syzygium seemannianum,Yasi Ni Wai,LR/lc,NT,N,2024-2
FLOWERING PLANTS,Syzygium stocksii,Poriyal,EN,VU,N,2024-1
FLOWERING PLANTS,Syzygium wolfii,,VU,LC,N,2024-2
FLOWERING PLANTS,Tabebuia arimaoensis,,VU,EN,N,2024-1
FLOWERING PLANTS,Tabebuia dubia,Roble negro,VU,LC,N,2024-2
FLOWERING PLANTS,Tabebuia elongata,,EN,CR,N,2024-1
FLOWERING PLANTS,Tabebuia jackiana,,VU,LC,N,2024-2
FLOWERING PLANTS,Tabebuia polymorpha,,VU,DD,N,2024-1
FLOWERING PLANTS,Tabernaemontana apoda,Huevo-de-gallo,CR,EN,N,2024-1
FLOWERING PLANTS,Tabernaemontana oppositifolia,Palo Lechoso,VU,NT,N,2024-2
FLOWERING PLANTS,Tabernaemontana polyneura,,LR/cd,LC,N,2024-1
FLOWERING PLANTS,Talisia bullata,,CR,LC,N,2024-1
FLOWERING PLANTS,Talisia setigera,Hobo de Monte,EN,LC,N,2024-1
FLOWERING PLANTS,Tapirira rubrinervis,,EN,LC,N,2024-2
FLOWERING PLANTS,Tapura orbicularis,,VU,CR,N,2024-2
FLOWERING PLANTS,Terminalia nitens,Anagep,VU,LC,N,2024-1
FLOWERING PLANTS,Terminalia pellucida,Aritongtong,VU,LC,N,2024-1
FLOWERING PLANTS,Ternstroemia wallichiana,,VU,LC,N,2024-1
FLOWERING PLANTS,Tetractomia majus,,LR/cd,EN,N,2024-1
FLOWERING PLANTS,Trichilia acuminata,Cimbra Potro,VU,LC,N,2024-2
FLOWERING PLANTS,Trichilia primogenita,,VU,EN,N,2024-2
FLOWERING PLANTS,Trichilia triacantha,Bariaco,CR,EN,N,2024-2
FLOWERING PLANTS,Trichilia ulei,,VU,EN,N,2024-1
FLOWERING PLANTS,Uvariodendron connivens,,LR/nt,LC,N,2024-1
FLOWERING PLANTS,Uvariodendron fuscum,,LR/nt,LC,N,2024-1
FLOWERING PLANTS,Vaccinium bissei,,VU,CR,N,2024-2
FLOWERING PLANTS,Vachellia daemon,Abrojo,EN,VU,N,2024-2
FLOWERING PLANTS,Vachellia zapatensis,,EN,EX,N,2024-2
FLOWERING PLANTS,Vadensea vogelii,,VU,LC,N,2024-1
FLOWERING PLANTS,Vasconcellea pulchra,,NT,VU,N,2024-2
FLOWERING PLANTS,Vateria copallifera,Hal,EN,NT,N,2024-1
FLOWERING PLANTS,Vatica affinis,Hal-mandora,CR,EN,N,2024-1
FLOWERING PLANTS,Vatica obscura,Tumpalai,EN,VU,N,2024-1
FLOWERING PLANTS,Virola surinamensis,Baboonwood,EN,LC,N,2024-1
FLOWERING PLANTS,Vitex yaundensis,,CR,EN,N,2024-1
FLOWERING PLANTS,Weinmannia spiraeoides,,EX,VU,N,2024-2
FLOWERING PLANTS,Weinmannia vitiensis,,VU,EN,N,2024-2
FLOWERING PLANTS,Wrightia lanceolata,,VU,LC,N,2024-1
FLOWERING PLANTS,Wrightia lecomtei,Prapach Chang Va,VU,EN,N,2024-1
FLOWERING PLANTS,Ximenia roigii,Almendro de costa,VU,CR,N,2024-2
FLOWERING PLANTS,Xylopia ekmanii,Yararey,VU,EN,N,2024-1
FLOWERING PLANTS,Xylopia pierrei,,VU,NT,N,2024-1
FLOWERING PLANTS,Zanthoxylum albuquerquei,,VU,CR,N,2024-1
FLOWERING PLANTS,Zanthoxylum integrifoliolum,Salai,DD,LC,N,2024-2
CYCADS,Encephalartos bubalinus,Lake Natron Cycad,NT,VU,N,2024-1
CYCADS,Encephalartos hildebrandtii,Mombasa Cycad,NT,LC,N,2024-1
CYCADS,Encephalartos kanga,Mnanasi Pori,CR,DD,N,2024-1
CYCADS,Encephalartos mackenziei,,NT,CR,N,2024-1
CYCADS,Encephalartos macrostrobilus,,EN,CR,N,2024-1
CYCADS,Encephalartos septentrionalis,Nile Cycad,NT,LC,N,2024-1
CONIFERS,Acmopyle pancheri,,NT,LC,N,2024-2
CONIFERS,Afrocarpus mannii,Pinheiro de São Tomé,VU,EN,N,2024-2
CONIFERS,Agathis montana,Mount Panié Kauri,CR,EN,N,2024-2
CONIFERS,Agathis ovata,Scrub Kauri,EN,VU,N,2024-2
CONIFERS,Araucaria bernieri,,VU,NT,N,2024-2
CONIFERS,Araucaria biramulata,,VU,NT,N,2024-2
CONIFERS,Araucaria humboldtensis,,EN,VU,N,2024-2
CONIFERS,Araucaria luxurians,Sapin de Noël,EN,VU,N,2024-2
CONIFERS,Araucaria schmidii,Mt Panie Kauri,VU,CR,G,2024-2
CONIFERS,Austrotaxus spicata,New Caledonia Yew,NT,LC,N,2024-2
CONIFERS,Libocedrus chevalieri,,CR,VU,N,2024-2
CONIFERS,Podocarpus decumbens,,CR,EN,N,2024-2
CONIFERS,Podocarpus gnidioides,,NT,LC,N,2024-2
CONIFERS,Podocarpus polyspermus,,EN,VU,N,2024-2
LICHENS,Ramalina confertula,Mountain Strap Lichen,EN,VU,N,2024-1
LICHENS,Ramalina erosa,Prime Strap Lichen,EN,VU,N,2024-1
LICHENS,Ramalina portosantana,Porto Santo Strap Lichen,CR,VU,N,2024-1
LICHENS,Ramalina timdaliana,Timdal's Strap Lichen,EN,VU,N,2024-1
